insert into tb_appVersions ( description, name) values( 'Development Environment', 'CBEMA'), ('Commercial Beta', 'CNBETA');
INSERT INTO tb_communities (id, name, appVersion, communityTypeID, displayName, assetName, rewriteURLParameter, live) VALUES (1,'RBT Development',1,1,'RBT Development','RBTDevelopment','RBTDevelopment', false),(2,'CN QA Testing',1,2,'CN QA Testing','CNQATesting','CNQATesting', false),(3,'CN Commercial Beta',1,3,'Charts Now','Charts Now','ChartsNow', false),(4,'Metal Hammer',1,4,'Metal Hammer','Metal Hammer','MetalHammer', false),(5,'Now Music',1,5,'NOW! Official Top 40 Chart App','Now Music','nowtop40', false),(6,'OCC',1,6,'OCC','occ','occ',false),(7,'o2',1,7,'o2','o2','o2', true),(8,'vf_nz',1,8,'vf_nz','vf_nz','vf_nz', true), (9,'hl_uk',1,8,'hl_uk','hl_uk','hl_uk', true), (10,'mtv1',1,8,'mtv1','mtv1','mtv1', true), (11,'mtvnz',1,8,'mtvnz','mtvnz','mtvnz', true);

INSERT INTO `tb_deviceTypes` (`i`, `name`)  VALUES (1,'NONE'),(2,'ANDROID'),(3,'J2ME'),(4,'BLACKBERRY'),(5,'IOS'),(6,'SYMBIAN'),(7,'WINDOWS_PHONE');

insert into tb_country (i, name, fullName) values (1,'GB','Great Britain');
insert into tb_country (i, name, fullName) values(2, 'UA', 'Ukraine');
insert into tb_appVersionCountry (appVersion_id, country_id) values(1, 2), (2, 1);

INSERT INTO `tb_genres` (`i`, `name`) VALUES (1,'Default');

insert into tb_fileTypes (i,name) values (1,'Header'),(2,'Audio'),(3,'Image'),(4, 'VIDEO');

insert into tb_labels (i,name) values (9,'INTERSCOPE');

insert into tb_charts (i, name, numTracks, genre, timestamp, numBonusTracks, type) values (1,'Default Chart',20,1,1307035342,0, 'BASIC_CHART');
insert into tb_charts (i, name, numTracks, genre, timestamp, numBonusTracks, type) values (2,'Default Chart',20,1,1306787849,0, 'BASIC_CHART');
insert into tb_charts (i, name, numTracks, genre, timestamp, numBonusTracks, type) values (3,'Default Chart',20,1,1317281215,0, 'BASIC_CHART');
insert into tb_charts (i, name, numTracks, genre, timestamp, numBonusTracks, type) values (4,'The Heavy List',20,1,1317107880,0, 'BASIC_CHART');
insert into tb_charts (i, name, numTracks, genre, timestamp, numBonusTracks, type) values (5,'Default Chart',21,1,1321452650,6, 'BASIC_CHART');
insert into tb_charts (i, name, numTracks, genre, timestamp, numBonusTracks, type) values (6,'Default Chart',20,1,1307035342,0, 'HOT_TRACKS');
insert into tb_charts (i, name, numTracks, genre, timestamp, numBonusTracks, type) values (7,'Default Chart',20,1,1306787849,0, 'HOT_TRACKS');
insert into tb_charts (i, name, numTracks, genre, timestamp, numBonusTracks, type) values (8,'Default Chart',20,1,1317281215,0, 'HOT_TRACKS');
insert into tb_charts (i, name, numTracks, genre, timestamp, numBonusTracks, type) values (9,'The Heavy List',20,1,1317107880,0, 'HOT_TRACKS');
insert into tb_charts (i, name, numTracks, genre, timestamp, numBonusTracks, type) values (10,'Default Chart',21,1,1321452650,6, 'HOT_TRACKS');
insert into tb_charts (i, name, numTracks, genre, timestamp, numBonusTracks, type) values (11,'Default Chart',21,1,1321452650,6, 'HOT_TRACKS');
insert into tb_charts (i, name, numTracks, genre, timestamp, numBonusTracks, type) values (12,'Default Chart',21,1,1321452650,6, 'FOURTH_CHART');
insert into tb_charts (i, name, numTracks, genre, timestamp, numBonusTracks, type) values (13,'Default Chart',21,1,1321452650,6, 'FIFTH_CHART');
insert into tb_charts (i, name, numTracks, genre, timestamp, numBonusTracks, type) values (14,'Default Chart',21,1,1321452650,6, 'HL_UK_PLAYLIST_1');
insert into tb_charts (i, name, numTracks, genre, timestamp, numBonusTracks, type) values (15,'Default Chart',21,1,1321452650,6, 'HL_UK_PLAYLIST_2');
insert into tb_charts (i, name, numTracks, genre, timestamp, numBonusTracks, type) values (16,'Default Chart',21,1,1321452650,6, 'OTHER_CHART');
insert into tb_charts (i, name, numTracks, genre, timestamp, numBonusTracks, type) values (17,'Default Chart',21,1,1321452650,6, 'HL_UK_PLAYLIST_2');
insert into tb_charts (i, name, numTracks, genre, timestamp, numBonusTracks, type) values (18,'Default Chart',21,1,1321452650,6, 'BASIC_CHART');

insert into community_charts (chart_id, community_id) values (1,1);
insert into community_charts (chart_id, community_id) values (1,2);
insert into community_charts (chart_id, community_id) values (2,2);
insert into community_charts (chart_id, community_id) values (3,3);
insert into community_charts (chart_id, community_id) values (4,4);
insert into community_charts (chart_id, community_id) values (5,5);
insert into community_charts (chart_id, community_id) values (5,7);
insert into community_charts (chart_id, community_id) values (5,8);
insert into community_charts (chart_id, community_id) values (6,1);
insert into community_charts (chart_id, community_id) values (7,2);
insert into community_charts (chart_id, community_id) values (8,3);
insert into community_charts (chart_id, community_id) values (9,4);
insert into community_charts (chart_id, community_id) values (10,5);
insert into community_charts (chart_id, community_id) values (11,9);
insert into community_charts (chart_id, community_id) values (12,9);
insert into community_charts (chart_id, community_id) values (13,9);
insert into community_charts (chart_id, community_id) values (14,9);
insert into community_charts (chart_id, community_id) values (15,9);
insert into community_charts (chart_id, community_id) values (16,9);
insert into community_charts (chart_id, community_id) values (17,9);
insert into community_charts (chart_id, community_id) values (18,10);

insert into tb_files (i, filename, size, fileType, version, duration) values (1894,'US-UM7-11-00061.aud',1464070,2,1, 10000);
insert into tb_files (i, filename, size, fileType, version, duration) values (1893,'US-UM7-11-00061.hdr',162676,1,666, 0);
insert into tb_files (i, filename, size, fileType, version, duration) values (1891,'US-UM7-11-00061S.jpg',6125,3,3, 0);
insert into tb_files (i, filename, size, fileType, version, duration) values (1892,'US-UM7-11-00061L.jpg',41581,3,2, 0);
insert into tb_files (i, filename, size, fileType, version, duration) values (1675,'US-UM7-11-00061.jpg',0,3,4, 0);
insert into tb_files (i, filename, size, fileType, version, duration) values (1676,'US-UM7-11-00061.mp3',0,1,9999, 0);

insert into tb_artist (i, name, info, realName) values (50,'Lmfao/Lauren Bennett/Goonrock','LMFAO is an American electro hop duo that formed in 2006 in Los Angeles, California, consisting of rappers and DJs.','Lmfao/Lauren Bennett/Goonrock');

insert into tb_mediaLogTypes (name) values ('DOWNLOAD');
insert into tb_mediaLogTypes (name) values ('PURCHASE');
insert into tb_mediaLogTypes (name) values ('DOWNLOAD_ORIGINAL');

insert into tb_media (i,type,isrc,title,artist,audioFile,headerFile,imageFileSmall,imageFIleLarge,genre,label,price,price_currency,imgFileResolution,purchasedFile,audioPreviewFile,headerPreviewFile,iTunesUrl, amazonUrl, areArtistUrls, publishDate, trackId) values (49,0,'USAT21001886','Party Rock Anthem',50,1894,1893,1891,1892,1,9,1.00,'WEEK',1675,1676,1894,1893,'http://clkuk.tradedoubler.com/click?p=23708%26a=1997010%26url=http://itunes.apple.com/gb/album/party-rock-anthem-feat.-lauren/id449838429?i=449838654%26uo=4%26partnerId=2003', 'http://www.amazon.com/gp/product/030758836X/ref=s9_al_bw_g14_ir03?pf_rd_m=ATVPDKIKX0DER&pf_rd_s=center-4&pf_rd_r=079680TPPVRZ8J4W5B6Z&pf_rd_t=101&pf_rd_p=1418176682&pf_rd_i=5916596011', false, 1417366688, 1);
insert into tb_media (i,type,isrc,title,artist,audioFile,headerFile,imageFileSmall,imageFIleLarge,genre,label,price,price_currency,imgFileResolution,purchasedFile,audioPreviewFile,headerPreviewFile,iTunesUrl, amazonUrl, areArtistUrls, publishDate, trackId) values (50,0,'US-UM7-11-00061','Party Rock Anthem',50,1894,1893,1891,1892,1,9,1.00,'WEEK',1675,1676,1894,1893,'http://clkuk.tradedoubler.com/click?p=23708%26a=1997010%26url=http://itunes.apple.com/gb/album/party-rock-anthem-feat.-lauren/id449838429?i=449838654%26uo=4%26partnerId=2003', 'http://www.amazon.com/gp/product/030758836X/ref=s9_al_bw_g14_ir03?pf_rd_m=ATVPDKIKX0DER&pf_rd_s=center-4&pf_rd_r=079680TPPVRZ8J4W5B6Z&pf_rd_t=101&pf_rd_p=1418176682&pf_rd_i=5916596011', false, 0, 2);
insert into tb_media (i,type,isrc,title,artist,audioFile,headerFile,imageFileSmall,imageFIleLarge,genre,label,price,price_currency,imgFileResolution,purchasedFile,audioPreviewFile,headerPreviewFile,iTunesUrl, amazonUrl, areArtistUrls, publishDate, trackId) values (51,0,'US-UM7-11-00061','Party Rock Anthem',50,1894,1893,1891,1892,1,9,1.00,'WEEK',1675,1676,1894,1893,'http://clkuk.tradedoubler.com/click?p=23708%26a=1997010%26url=http://itunes.apple.com/gb/album/party-rock-anthem-feat.-lauren/id449838429?i=449838654%26uo=4%26partnerId=2003', 'http://www.amazon.com/gp/product/030758836X/ref=s9_al_bw_g14_ir03?pf_rd_m=ATVPDKIKX0DER&pf_rd_s=center-4&pf_rd_r=079680TPPVRZ8J4W5B6Z&pf_rd_t=101&pf_rd_p=1418176682&pf_rd_i=5916596011', false, 0, 3);
insert into tb_media (i,type,isrc,title,artist,audioFile,headerFile,imageFileSmall,imageFIleLarge,genre,label,price,price_currency,imgFileResolution,purchasedFile,audioPreviewFile,headerPreviewFile,iTunesUrl, amazonUrl, areArtistUrls, publishDate, trackId) values (52,0,'US-UM7-11-00061','Party Rock Anthem',50,1894,1893,1891,1892,1,9,1.00,'WEEK',1675,1676,1894,1893,'http://clkuk.tradedoubler.com/click?p=23708%26a=1997010%26url=http://itunes.apple.com/gb/album/party-rock-anthem-feat.-lauren/id449838429?i=449838654%26uo=4%26partnerId=2003', 'http://www.amazon.com/gp/product/030758836X/ref=s9_al_bw_g14_ir03?pf_rd_m=ATVPDKIKX0DER&pf_rd_s=center-4&pf_rd_r=079680TPPVRZ8J4W5B6Z&pf_rd_t=101&pf_rd_p=1418176682&pf_rd_i=5916596011', false, 0, 4);
insert into tb_media (i,type,isrc,title,artist,audioFile,headerFile,imageFileSmall,imageFIleLarge,genre,label,price,price_currency,imgFileResolution,purchasedFile,audioPreviewFile,headerPreviewFile,iTunesUrl, amazonUrl, areArtistUrls, publishDate, trackId) values (53,0,'US-UM7-11-00061','Party Rock Anthem',50,1894,1893,1891,1892,1,9,1.00,'WEEK',1675,1676,1894,1893,'http://clkuk.tradedoubler.com/click?p=23708%26a=1997010%26url=http://itunes.apple.com/gb/album/party-rock-anthem-feat.-lauren/id449838429?i=449838654%26uo=4%26partnerId=2003', 'http://www.amazon.com/gp/product/030758836X/ref=s9_al_bw_g14_ir03?pf_rd_m=ATVPDKIKX0DER&pf_rd_s=center-4&pf_rd_r=079680TPPVRZ8J4W5B6Z&pf_rd_t=101&pf_rd_p=1418176682&pf_rd_i=5916596011', false, 0, 5);
insert into tb_media (i,type,isrc,title,artist,audioFile,headerFile,imageFileSmall,imageFIleLarge,genre,label,price,price_currency,imgFileResolution,purchasedFile,audioPreviewFile,headerPreviewFile,iTunesUrl, amazonUrl, areArtistUrls, publishDate, trackId) values (54,0,'US-UM7-11-00061','Party Rock Anthem',50,1894,1893,1891,1892,1,9,1.00,'WEEK',1675,1676,1894,1893,'http://clkuk.tradedoubler.com/click?p=23708%26a=1997010%26url=http://itunes.apple.com/gb/album/party-rock-anthem-feat.-lauren/id449838429?i=449838654%26uo=4%26partnerId=2003', 'http://www.amazon.com/gp/product/030758836X/ref=s9_al_bw_g14_ir03?pf_rd_m=ATVPDKIKX0DER&pf_rd_s=center-4&pf_rd_r=079680TPPVRZ8J4W5B6Z&pf_rd_t=101&pf_rd_p=1418176682&pf_rd_i=5916596011', false, 0, 6);
insert into tb_media (i,type,isrc,title,artist,audioFile,headerFile,imageFileSmall,imageFIleLarge,genre,label,price,price_currency,imgFileResolution,purchasedFile,audioPreviewFile,headerPreviewFile,iTunesUrl, amazonUrl, areArtistUrls, publishDate, trackId) values (55,0,'US-UM7-11-00061','Party Rock Anthem',50,1894,1893,1891,1892,1,9,1.00,'WEEK',1675,1676,1894,1893,'http://clkuk.tradedoubler.com/click?p=23708%26a=1997010%26url=http://itunes.apple.com/gb/album/party-rock-anthem-feat.-lauren/id449838429?i=449838654%26uo=4%26partnerId=2003', 'http://www.amazon.com/gp/product/030758836X/ref=s9_al_bw_g14_ir03?pf_rd_m=ATVPDKIKX0DER&pf_rd_s=center-4&pf_rd_r=079680TPPVRZ8J4W5B6Z&pf_rd_t=101&pf_rd_p=1418176682&pf_rd_i=5916596011', false, 0, 7);
insert into tb_media (i,type,isrc,title,artist,audioFile,headerFile,imageFileSmall,imageFIleLarge,genre,label,price,price_currency,imgFileResolution,purchasedFile,audioPreviewFile,headerPreviewFile,iTunesUrl, amazonUrl, areArtistUrls, publishDate, trackId) values (56,0,'US-UM7-11-00061','Party Rock Anthem',50,1894,1893,1891,1892,1,9,1.00,'WEEK',1675,1676,1894,1893,'http://clkuk.tradedoubler.com/click?p=23708%26a=1997010%26url=http://itunes.apple.com/gb/album/party-rock-anthem-feat.-lauren/id449838429?i=449838654%26uo=4%26partnerId=2003', 'http://www.amazon.com/gp/product/030758836X/ref=s9_al_bw_g14_ir03?pf_rd_m=ATVPDKIKX0DER&pf_rd_s=center-4&pf_rd_r=079680TPPVRZ8J4W5B6Z&pf_rd_t=101&pf_rd_p=1418176682&pf_rd_i=5916596011', false, 0, 8);
insert into tb_media (i,type,isrc,title,artist,audioFile,headerFile,imageFileSmall,imageFIleLarge,genre,label,price,price_currency,imgFileResolution,purchasedFile,audioPreviewFile,headerPreviewFile,iTunesUrl, amazonUrl, areArtistUrls, publishDate, trackId) values (57,0,'US-UM7-11-00061','Party Rock Anthem',50,1894,1893,1891,1892,1,9,1.00,'WEEK',1675,1676,1894,1893,'http://clkuk.tradedoubler.com/click?p=23708%26a=1997010%26url=http://itunes.apple.com/gb/album/party-rock-anthem-feat.-lauren/id449838429?i=449838654%26uo=4%26partnerId=2003', 'http://www.amazon.com/gp/product/030758836X/ref=s9_al_bw_g14_ir03?pf_rd_m=ATVPDKIKX0DER&pf_rd_s=center-4&pf_rd_r=079680TPPVRZ8J4W5B6Z&pf_rd_t=101&pf_rd_p=1418176682&pf_rd_i=5916596011', false, 0, 9);
insert into tb_media (i,type,isrc,title,artist,audioFile,headerFile,imageFileSmall,imageFIleLarge,genre,label,price,price_currency,imgFileResolution,purchasedFile,audioPreviewFile,headerPreviewFile,iTunesUrl, amazonUrl, areArtistUrls, publishDate, trackId) values (58,0,'US-UM7-11-00061','Party Rock Anthem',50,1894,1893,1891,1892,1,9,1.00,'WEEK',1675,1676,1894,1893,'http://clkuk.tradedoubler.com/click?p=23708%26a=1997010%26url=http://itunes.apple.com/gb/album/party-rock-anthem-feat.-lauren/id449838429?i=449838654%26uo=4%26partnerId=2003', 'http://www.amazon.com/gp/product/030758836X/ref=s9_al_bw_g14_ir03?pf_rd_m=ATVPDKIKX0DER&pf_rd_s=center-4&pf_rd_r=079680TPPVRZ8J4W5B6Z&pf_rd_t=101&pf_rd_p=1418176682&pf_rd_i=5916596011', false, 0, 10);
insert into tb_media (i,type,isrc,title,artist,audioFile,headerFile,imageFileSmall,imageFIleLarge,genre,label,price,price_currency,imgFileResolution,purchasedFile,audioPreviewFile,headerPreviewFile,iTunesUrl, amazonUrl, areArtistUrls, publishDate, trackId) values (59,0,'US-UM7-11-00061','Party Rock Anthem',50,1894,1893,1891,1892,1,9,1.00,'WEEK',1675,1676,1894,1893,'http://clkuk.tradedoubler.com/click?p=23708%26a=1997010%26url=http://itunes.apple.com/gb/album/party-rock-anthem-feat.-lauren/id449838429?i=449838654%26uo=4%26partnerId=2003', 'http://www.amazon.com/gp/product/030758836X/ref=s9_al_bw_g14_ir03?pf_rd_m=ATVPDKIKX0DER&pf_rd_s=center-4&pf_rd_r=079680TPPVRZ8J4W5B6Z&pf_rd_t=101&pf_rd_p=1418176682&pf_rd_i=5916596011', false, 0, 11);
insert into tb_media (i,type,isrc,title,artist,audioFile,headerFile,imageFileSmall,imageFIleLarge,genre,label,price,price_currency,imgFileResolution,purchasedFile,audioPreviewFile,headerPreviewFile,iTunesUrl, amazonUrl, areArtistUrls, publishDate, trackId) values (60,0,'US-UM7-11-00061','Party Rock Anthem',50,1894,1893,1891,1892,1,9,1.00,'WEEK',1675,1676,1894,1893,'http://clkuk.tradedoubler.com/click?p=23708%26a=1997010%26url=http://itunes.apple.com/gb/album/party-rock-anthem-feat.-lauren/id449838429?i=449838654%26uo=4%26partnerId=2003', 'http://www.amazon.com/gp/product/030758836X/ref=s9_al_bw_g14_ir03?pf_rd_m=ATVPDKIKX0DER&pf_rd_s=center-4&pf_rd_r=079680TPPVRZ8J4W5B6Z&pf_rd_t=101&pf_rd_p=1418176682&pf_rd_i=5916596011', false, 0, 12);
insert into tb_media (i,type,isrc,title,artist,audioFile,headerFile,imageFileSmall,imageFIleLarge,genre,label,price,price_currency,imgFileResolution,purchasedFile,audioPreviewFile,headerPreviewFile,iTunesUrl, amazonUrl, areArtistUrls, publishDate, trackId) values (61,0,'US-UM7-11-00061','Party Rock Anthem',50,1894,1893,1891,1892,1,9,1.00,'WEEK',1675,1676,1894,1893,'http://clkuk.tradedoubler.com/click?p=23708%26a=1997010%26url=http://itunes.apple.com/gb/album/party-rock-anthem-feat.-lauren/id449838429?i=449838654%26uo=4%26partnerId=2003', 'http://www.amazon.com/gp/product/030758836X/ref=s9_al_bw_g14_ir03?pf_rd_m=ATVPDKIKX0DER&pf_rd_s=center-4&pf_rd_r=079680TPPVRZ8J4W5B6Z&pf_rd_t=101&pf_rd_p=1418176682&pf_rd_i=5916596011', false, 0, 13);
insert into tb_media (i,type,isrc,title,artist,audioFile,headerFile,imageFileSmall,imageFIleLarge,genre,label,price,price_currency,imgFileResolution,purchasedFile,audioPreviewFile,headerPreviewFile,iTunesUrl, amazonUrl, areArtistUrls, publishDate, trackId) values (62,0,'US-UM7-11-00061','Party Rock Anthem',50,1894,1893,1891,1892,1,9,1.00,'WEEK',1675,1676,1894,1893,'http://clkuk.tradedoubler.com/click?p=23708%26a=1997010%26url=http://itunes.apple.com/gb/album/party-rock-anthem-feat.-lauren/id449838429?i=449838654%26uo=4%26partnerId=2003', 'http://www.amazon.com/gp/product/030758836X/ref=s9_al_bw_g14_ir03?pf_rd_m=ATVPDKIKX0DER&pf_rd_s=center-4&pf_rd_r=079680TPPVRZ8J4W5B6Z&pf_rd_t=101&pf_rd_p=1418176682&pf_rd_i=5916596011', false, 0, 14);
insert into tb_media (i,type,isrc,title,artist,audioFile,headerFile,imageFileSmall,imageFIleLarge,genre,label,price,price_currency,imgFileResolution,purchasedFile,audioPreviewFile,headerPreviewFile,iTunesUrl, amazonUrl, areArtistUrls, publishDate, trackId) values (63,0,'US-UM7-11-00061','Party Rock Anthem',50,1894,1893,1891,1892,1,9,1.00,'WEEK',1675,1676,1894,1893,'http://clkuk.tradedoubler.com/click?p=23708%26a=1997010%26url=http://itunes.apple.com/gb/album/party-rock-anthem-feat.-lauren/id449838429?i=449838654%26uo=4%26partnerId=2003', 'http://www.amazon.com/gp/product/030758836X/ref=s9_al_bw_g14_ir03?pf_rd_m=ATVPDKIKX0DER&pf_rd_s=center-4&pf_rd_r=079680TPPVRZ8J4W5B6Z&pf_rd_t=101&pf_rd_p=1418176682&pf_rd_i=5916596011', false, 0, 15);
insert into tb_media (i,type,isrc,title,artist,audioFile,headerFile,imageFileSmall,imageFIleLarge,genre,label,price,price_currency,imgFileResolution,purchasedFile,audioPreviewFile,headerPreviewFile,iTunesUrl, amazonUrl, areArtistUrls, publishDate, trackId) values (64,0,'US-UM7-11-00061','Party Rock Anthem',50,1894,1893,1891,1892,1,9,1.00,'WEEK',1675,1676,1894,1893,'http://clkuk.tradedoubler.com/click?p=23708%26a=1997010%26url=http://itunes.apple.com/gb/album/party-rock-anthem-feat.-lauren/id449838429?i=449838654%26uo=4%26partnerId=2003', 'http://www.amazon.com/gp/product/030758836X/ref=s9_al_bw_g14_ir03?pf_rd_m=ATVPDKIKX0DER&pf_rd_s=center-4&pf_rd_r=079680TPPVRZ8J4W5B6Z&pf_rd_t=101&pf_rd_p=1418176682&pf_rd_i=5916596011', false, 0, 16);
insert into tb_media (i,type,isrc,title,artist,audioFile,headerFile,imageFileSmall,imageFIleLarge,genre,label,price,price_currency,imgFileResolution,purchasedFile,audioPreviewFile,headerPreviewFile,iTunesUrl, amazonUrl, areArtistUrls, publishDate, trackId) values (65,0,'US-UM7-11-00061','Party Rock Anthem',50,1894,1893,1891,1892,1,9,1.00,'WEEK',1675,1676,1894,1893,'http://clkuk.tradedoubler.com/click?p=23708%26a=1997010%26url=http://itunes.apple.com/gb/album/party-rock-anthem-feat.-lauren/id449838429?i=449838654%26uo=4%26partnerId=2003', 'http://www.amazon.com/gp/product/030758836X/ref=s9_al_bw_g14_ir03?pf_rd_m=ATVPDKIKX0DER&pf_rd_s=center-4&pf_rd_r=079680TPPVRZ8J4W5B6Z&pf_rd_t=101&pf_rd_p=1418176682&pf_rd_i=5916596011', false, 0, 17);
insert into tb_media (i,type,isrc,title,artist,audioFile,headerFile,imageFileSmall,imageFIleLarge,genre,label,price,price_currency,imgFileResolution,purchasedFile,audioPreviewFile,headerPreviewFile,iTunesUrl, amazonUrl, areArtistUrls, publishDate, trackId) values (66,0,'US-UM7-11-00061','Party Rock Anthem',50,1894,1893,1891,1892,1,9,1.00,'WEEK',1675,1676,1894,1893,'http://clkuk.tradedoubler.com/click?p=23708%26a=1997010%26url=http://itunes.apple.com/gb/album/party-rock-anthem-feat.-lauren/id449838429?i=449838654%26uo=4%26partnerId=2003', 'http://www.amazon.com/gp/product/030758836X/ref=s9_al_bw_g14_ir03?pf_rd_m=ATVPDKIKX0DER&pf_rd_s=center-4&pf_rd_r=079680TPPVRZ8J4W5B6Z&pf_rd_t=101&pf_rd_p=1418176682&pf_rd_i=5916596011', false, 0, 18);
insert into tb_media (i,type,isrc,title,artist,audioFile,headerFile,imageFileSmall,imageFIleLarge,genre,label,price,price_currency,imgFileResolution,purchasedFile,audioPreviewFile,headerPreviewFile,iTunesUrl, amazonUrl, areArtistUrls, publishDate, trackId) values (67,0,'US-UM7-11-00061','Party Rock Anthem',50,1894,1893,1891,1892,1,9,1.00,'WEEK',1675,1676,1894,1893,'http://clkuk.tradedoubler.com/click?p=23708%26a=1997010%26url=http://itunes.apple.com/gb/album/party-rock-anthem-feat.-lauren/id449838429?i=449838654%26uo=4%26partnerId=2003', 'http://www.amazon.com/gp/product/030758836X/ref=s9_al_bw_g14_ir03?pf_rd_m=ATVPDKIKX0DER&pf_rd_s=center-4&pf_rd_r=079680TPPVRZ8J4W5B6Z&pf_rd_t=101&pf_rd_p=1418176682&pf_rd_i=5916596011', false, 0, 19);
insert into tb_media (i,type,isrc,title,artist,audioFile,headerFile,imageFileSmall,imageFIleLarge,genre,label,price,price_currency,imgFileResolution,purchasedFile,audioPreviewFile,headerPreviewFile,iTunesUrl, amazonUrl, areArtistUrls, publishDate, trackId) values (68,0,'US-UM7-11-00061','Party Rock Anthem',50,1894,1893,1891,1892,1,9,1.00,'WEEK',1675,1676,1894,1893,'http://clkuk.tradedoubler.com/click?p=23708%26a=1997010%26url=http://itunes.apple.com/gb/album/party-rock-anthem-feat.-lauren/id449838429?i=449838654%26uo=4%26partnerId=2003', 'http://www.amazon.com/gp/product/030758836X/ref=s9_al_bw_g14_ir03?pf_rd_m=ATVPDKIKX0DER&pf_rd_s=center-4&pf_rd_r=079680TPPVRZ8J4W5B6Z&pf_rd_t=101&pf_rd_p=1418176682&pf_rd_i=5916596011', false, 0, 20);
insert into tb_media (i,type,isrc,title,artist,audioFile,headerFile,imageFileSmall,imageFIleLarge,genre,label,price,price_currency,imgFileResolution,purchasedFile,audioPreviewFile,headerPreviewFile,iTunesUrl, amazonUrl, areArtistUrls, publishDate, trackId) values (69,0,'US-UM7-11-00061','Party Rock Anthem',50,1894,1893,1891,1892,1,9,1.00,'WEEK',1675,1676,1894,1893,'http://clkuk.tradedoubler.com/click?p=23708%26a=1997010%26url=http://itunes.apple.com/gb/album/party-rock-anthem-feat.-lauren/id449838429?i=449838654%26uo=4%26partnerId=2003', 'http://www.amazon.com/gp/product/030758836X/ref=s9_al_bw_g14_ir03?pf_rd_m=ATVPDKIKX0DER&pf_rd_s=center-4&pf_rd_r=079680TPPVRZ8J4W5B6Z&pf_rd_t=101&pf_rd_p=1418176682&pf_rd_i=5916596011', true, 0, 21);
insert into tb_media (i,type,isrc,title,artist,audioFile,headerFile,imageFileSmall,imageFIleLarge,genre,label,price,price_currency,imgFileResolution,purchasedFile,audioPreviewFile,headerPreviewFile,iTunesUrl, amazonUrl, areArtistUrls, publishDate, trackId) values (70,0,'US-UM7-11-00062','Party Rock Anthem',50,1894,1893,1891,1892,1,9,1.00,'WEEK',1675,1676,1894,1893,'http://clkuk.tradedoubler.com/click?p=23708%26a=1997010%26url=http://itunes.apple.com/gb/album/party-rock-anthem-feat.-lauren/id449838429?i=449838654%26uo=4%26partnerId=2003', 'http://www.amazon.com/gp/product/030758836X/ref=s9_al_bw_g14_ir03?pf_rd_m=ATVPDKIKX0DER&pf_rd_s=center-4&pf_rd_r=079680TPPVRZ8J4W5B6Z&pf_rd_t=101&pf_rd_p=1418176682&pf_rd_i=5916596011', false, 0, 22);
insert into tb_media (i,type,isrc,title,artist,audioFile,headerFile,imageFileSmall,imageFIleLarge,genre,label,price,price_currency,imgFileResolution,purchasedFile,audioPreviewFile,headerPreviewFile,iTunesUrl, amazonUrl, areArtistUrls, publishDate, trackId) values (71,0,'US-UM7-11-00063','Party Rock Anthem',50,1894,1893,1891,1892,1,9,1.00,'WEEK',1675,1676,1894,1893,'http://itunes.apple.com/gb/album/monster/id440880917?i=440880925%26uo=4', 'http://www.amazon.com/gp/product/030758836X/ref=s9_al_bw_g14_ir03?pf_rd_m=ATVPDKIKX0DER&pf_rd_s=center-4&pf_rd_r=079680TPPVRZ8J4W5B6Z&pf_rd_t=101&pf_rd_p=1418176682&pf_rd_i=5916596011', false, 0, 23);


insert into tb_chartDetail (i,chart,position,media,prevPosition,chgPosition,info, publishTimeMillis, channel, version) values(1,5,1,50,24,2,'LMFAO is an American electro hop duo that formed in 2006 in Los Angeles, California, consisting of rappers and DJs.',0, null, 5);
insert into tb_chartDetail (i,chart,position,media,prevPosition,chgPosition,info, publishTimeMillis, channel, version) values(2,5,2,51,24,2,'LMFAO is an American electro hop duo that formed in 2006 in Los Angeles, California, consisting of rappers and DJs.',0, null, 145);
insert into tb_chartDetail (i,chart,position,media,prevPosition,chgPosition,info, publishTimeMillis, channel, version) values(3,5,3,52,24,2,'LMFAO is an American electro hop duo that formed in 2006 in Los Angeles, California, consisting of rappers and DJs.',0, null, 38);
insert into tb_chartDetail (i,chart,position,media,prevPosition,chgPosition,info, publishTimeMillis, channel, version) values(4,5,4,53,24,2,'LMFAO is an American electro hop duo that formed in 2006 in Los Angeles, California, consisting of rappers and DJs.',0, null, 44);
insert into tb_chartDetail (i,chart,position,media,prevPosition,chgPosition,info, publishTimeMillis, channel, version) values(5,5,5,54,24,2,'LMFAO is an American electro hop duo that formed in 2006 in Los Angeles, California, consisting of rappers and DJs.',0, null, 1285);
insert into tb_chartDetail (i,chart,position,media,prevPosition,chgPosition,info, publishTimeMillis, channel, version) values(6,5,6,55,24,2,'LMFAO is an American electro hop duo that formed in 2006 in Los Angeles, California, consisting of rappers and DJs.',0, null, 436);
insert into tb_chartDetail (i,chart,position,media,prevPosition,chgPosition,info, publishTimeMillis, channel, version) values(7,5,7,56,24,2,'LMFAO is an American electro hop duo that formed in 2006 in Los Angeles, California, consisting of rappers and DJs.',0, null, 44);
insert into tb_chartDetail (i,chart,position,media,prevPosition,chgPosition,info, publishTimeMillis, channel, version) values(8,5,8,57,24,2,'LMFAO is an American electro hop duo that formed in 2006 in Los Angeles, California, consisting of rappers and DJs.',0, null, 2);
insert into tb_chartDetail (i,chart,position,media,prevPosition,chgPosition,info, publishTimeMillis, channel, version) values(9,5,9,58,24,2,'LMFAO is an American electro hop duo that formed in 2006 in Los Angeles, California, consisting of rappers and DJs.',0, null, 1);
insert into tb_chartDetail (i,chart,position,media,prevPosition,chgPosition,info, publishTimeMillis, channel, version) values(10,5,10,59,24,2,'LMFAO is an American electro hop duo that formed in 2006 in Los Angeles, California, consisting of rappers and DJs.',0, null, 33);
insert into tb_chartDetail (i,chart,position,media,prevPosition,chgPosition,info, publishTimeMillis, channel, version) values(11,5,11,60,24,2,'LMFAO is an American electro hop duo that formed in 2006 in Los Angeles, California, consisting of rappers and DJs.',0, null, 8888);
insert into tb_chartDetail (i,chart,position,media,prevPosition,chgPosition,info, publishTimeMillis, channel, version) values(12,5,12,61,24,2,'LMFAO is an American electro hop duo that formed in 2006 in Los Angeles, California, consisting of rappers and DJs.',0, null, 555);
insert into tb_chartDetail (i,chart,position,media,prevPosition,chgPosition,info, publishTimeMillis, channel, version) values(13,5,13,62,24,2,'LMFAO is an American electro hop duo that formed in 2006 in Los Angeles, California, consisting of rappers and DJs.',0, null, 2);
insert into tb_chartDetail (i,chart,position,media,prevPosition,chgPosition,info, publishTimeMillis, channel, version) values(14,5,14,63,24,2,'LMFAO is an American electro hop duo that formed in 2006 in Los Angeles, California, consisting of rappers and DJs.',0, null, 1);
insert into tb_chartDetail (i,chart,position,media,prevPosition,chgPosition,info, publishTimeMillis, channel, version) values(15,5,15,64,24,2,'LMFAO is an American electro hop duo that formed in 2006 in Los Angeles, California, consisting of rappers and DJs.',0, null, 6);
insert into tb_chartDetail (i,chart,position,media,prevPosition,chgPosition,info, publishTimeMillis, channel, version) values(16,10,16,65,24,2,'LMFAO is an American electro hop duo that formed in 2006 in Los Angeles, California, consisting of rappers and DJs.',0, 'HEATSEEKER', 925);
insert into tb_chartDetail (i,chart,position,media,prevPosition,chgPosition,info, publishTimeMillis, channel, version) values(17,10,17,66,24,2,'LMFAO is an American electro hop duo that formed in 2006 in Los Angeles, California, consisting of rappers and DJs.',0, 'HEATSEEKER', 3);
insert into tb_chartDetail (i,chart,position,media,prevPosition,chgPosition,info, publishTimeMillis, channel, version) values(18,10,18,67,24,2,'LMFAO is an American electro hop duo that formed in 2006 in Los Angeles, California, consisting of rappers and DJs.',0, 'HEATSEEKER', 1);
insert into tb_chartDetail (i,chart,position,media,prevPosition,chgPosition,info, publishTimeMillis, channel, version) values(19,10,19,68,24,2,'LMFAO is an American electro hop duo that formed in 2006 in Los Angeles, California, consisting of rappers and DJs.',0, 'HEATSEEKER', 11);
insert into tb_chartDetail (i,chart,position,media,prevPosition,chgPosition,info, publishTimeMillis, channel, version) values(20,10,20,69,24,2,'LMFAO is an American electro hop duo that formed in 2006 in Los Angeles, California, consisting of rappers and DJs.',0, 'HEATSEEKER', 111);
insert into tb_chartDetail (i,chart,position,media,prevPosition,chgPosition,info, publishTimeMillis, channel, version) values(21,10,21,49,24,2,'LMFAO is an American electro hop duo that formed in 2006 in Los Angeles, California, consisting of rappers and DJs.',0, 'HEATSEEKER', 98);

insert into tb_chartDetail (i,chart,position,media,prevPosition,chgPosition,info, publishTimeMillis, channel, version) values(22,5,1,50,24,2,'LMFAO is an American electro hop duo that formed in 2006 in Los Angeles, California, consisting of rappers and DJs.',1343806800000, null, 5);
insert into tb_chartDetail (i,chart,position,media,prevPosition,chgPosition,info, publishTimeMillis, channel, version) values(23,5,2,51,24,2,'LMFAO is an American electro hop duo that formed in 2006 in Los Angeles, California, consisting of rappers and DJs.',1343806800000, null, 145);
insert into tb_chartDetail (i,chart,position,media,prevPosition,chgPosition,info, publishTimeMillis, channel, version, locked) values(24,5,3,52,24,2,'LMFAO is an American electro hop duo that formed in 2006 in Los Angeles, California, consisting of rappers and DJs.',1343806800000, null, 38, true);
insert into tb_chartDetail (i,chart,position,media,prevPosition,chgPosition,info, publishTimeMillis, channel, version) values(25,5,4,53,24,2,'LMFAO is an American electro hop duo that formed in 2006 in Los Angeles, California, consisting of rappers and DJs.',1343806800000, null, 44);
insert into tb_chartDetail (i,chart,position,media,prevPosition,chgPosition,info, publishTimeMillis, channel, version) values(26,5,5,54,24,2,'LMFAO is an American electro hop duo that formed in 2006 in Los Angeles, California, consisting of rappers and DJs.',1343806800000, null, 1285);
insert into tb_chartDetail (i,chart,position,media,prevPosition,chgPosition,info, publishTimeMillis, channel, version) values(27,5,6,55,24,2,'LMFAO is an American electro hop duo that formed in 2006 in Los Angeles, California, consisting of rappers and DJs.',1343806800000, null, 436);
insert into tb_chartDetail (i,chart,position,media,prevPosition,chgPosition,info, publishTimeMillis, channel, version) values(28,5,7,56,24,2,'LMFAO is an American electro hop duo that formed in 2006 in Los Angeles, California, consisting of rappers and DJs.',1343806800000, null, 44);
insert into tb_chartDetail (i,chart,position,media,prevPosition,chgPosition,info, publishTimeMillis, channel, version) values(29,5,8,57,24,2,'LMFAO is an American electro hop duo that formed in 2006 in Los Angeles, California, consisting of rappers and DJs.',1343806800000, null, 2);
insert into tb_chartDetail (i,chart,position,media,prevPosition,chgPosition,info, publishTimeMillis, channel, version) values(30,5,9,58,24,2,'LMFAO is an American electro hop duo that formed in 2006 in Los Angeles, California, consisting of rappers and DJs.',1343806800000, null, 1);
insert into tb_chartDetail (i,chart,position,media,prevPosition,chgPosition,info, publishTimeMillis, channel, version) values(31,5,10,59,24,2,'LMFAO is an American electro hop duo that formed in 2006 in Los Angeles, California, consisting of rappers and DJs.',1343806800000, null, 33);
insert into tb_chartDetail (i,chart,position,media,prevPosition,chgPosition,info, publishTimeMillis, channel, version) values(32,5,11,60,24,2,'LMFAO is an American electro hop duo that formed in 2006 in Los Angeles, California, consisting of rappers and DJs.',1343806800000, null, 8888);
insert into tb_chartDetail (i,chart,position,media,prevPosition,chgPosition,info, publishTimeMillis, channel, version) values(33,5,12,61,24,2,'LMFAO is an American electro hop duo that formed in 2006 in Los Angeles, California, consisting of rappers and DJs.',1343806800000, null, 555);
insert into tb_chartDetail (i,chart,position,media,prevPosition,chgPosition,info, publishTimeMillis, channel, version) values(34,5,13,62,24,2,'LMFAO is an American electro hop duo that formed in 2006 in Los Angeles, California, consisting of rappers and DJs.',1343806800000, null, 2);
insert into tb_chartDetail (i,chart,position,media,prevPosition,chgPosition,info, publishTimeMillis, channel, version) values(35,5,14,63,24,2,'LMFAO is an American electro hop duo that formed in 2006 in Los Angeles, California, consisting of rappers and DJs.',1343806800000, null, 1);
insert into tb_chartDetail (i,chart,position,media,prevPosition,chgPosition,info, publishTimeMillis, channel, version) values(36,5,15,64,24,2,'LMFAO is an American electro hop duo that formed in 2006 in Los Angeles, California, consisting of rappers and DJs.',1343806800000, null, 6);
insert into tb_chartDetail (i,chart,position,media,prevPosition,chgPosition,info, publishTimeMillis, channel, version) values(37,10,16,65,24,2,'LMFAO is an American electro hop duo that formed in 2006 in Los Angeles, California, consisting of rappers and DJs.',1343806800000, 'HEATSEEKER', 925);
insert into tb_chartDetail (i,chart,position,media,prevPosition,chgPosition,info, publishTimeMillis, channel, version) values(38,10,17,66,24,2,'LMFAO is an American electro hop duo that formed in 2006 in Los Angeles, California, consisting of rappers and DJs.',1343806800000, 'HEATSEEKER', 3);
insert into tb_chartDetail (i,chart,position,media,prevPosition,chgPosition,info, publishTimeMillis, channel, version) values(39,10,18,67,24,2,'LMFAO is an American electro hop duo that formed in 2006 in Los Angeles, California, consisting of rappers and DJs.',1343806800000, 'HEATSEEKER', 1);
insert into tb_chartDetail (i,chart,position,media,prevPosition,chgPosition,info, publishTimeMillis, channel, version) values(40,10,19,68,24,2,'LMFAO is an American electro hop duo that formed in 2006 in Los Angeles, California, consisting of rappers and DJs.',1343806800000, 'HEATSEEKER', 11);
insert into tb_chartDetail (i,chart,position,media,prevPosition,chgPosition,info, publishTimeMillis, channel, version) values(41,10,20,69,24,2,'LMFAO is an American electro hop duo that formed in 2006 in Los Angeles, California, consisting of rappers and DJs.',1343806800000, 'HEATSEEKER', 111);
insert into tb_chartDetail (i,chart,position,media,prevPosition,chgPosition,info, publishTimeMillis, channel, version) values(42,10,21,49,24,2,'LMFAO is an American electro hop duo that formed in 2006 in Los Angeles, California, consisting of rappers and DJs.',1343806800000, 'HEATSEEKER', 98);
insert into tb_chartDetail (i,chart,position,media,prevPosition,chgPosition,info, publishTimeMillis, channel, version) values(43,5,16,70,24,2,'LMFAO is an American electro hop duo that formed in 2006 in Los Angeles, California, consisting of rappers and DJs.',1343806800000, 'HEATSEEKER', 98);
insert into tb_chartDetail (i,chart,position,media,prevPosition,chgPosition,info, publishTimeMillis, channel, version) values(44,5,17,71,24,2,'LMFAO is an American electro hop duo that formed in 2006 in Los Angeles, California, consisting of rappers and DJs.',1343806800000, 'HEATSEEKER', 98);

insert into tb_filter (id, filterType) values (1, 'UserStateFilter'), (2, 'UserHandsetFilter');
insert into filters (id, name) values (1, 'LAST_TRIAL_DAY'), (2, 'NOT_ACTIVE_PAYMENT_DETAILS_OR_NO_PAYMENT_DETAILS'), (3, 'FREE_TRIAL'), (4, 'PAYMENT_ERROR'), (5, 'LIMITED_AFTER_TRIAL'), (6, 'LIMITED'), (7, 'ONE_MONTH_PROMO'), (8, 'ANDROID'), (9, 'BLACKBERRY'), (10, 'IOS'), (11, 'J2ME');

insert into messages (id, activated, body, community_id, frequence, messageType, position, publishTimeMillis, title) values (1, true, 'Blue Ivy Carter, new daughter of Beyonce and JayZ, is already making chart history! Daddy Z features cute cries from little Princess B on his new track, Glory, making her the youngest person ever to appear in the Billboard chart!', 5, null, 'NEWS',1, 1315686788000, 'Blue Ivy Carter, new daughter of Beyonce and JayZ, is already making chart history! Daddy Z features cute cries from little Princess B on his new track, Glory, making her the youngest person ever to appear in the Billboard chart!');
insert into messages (id, activated, body, community_id, frequence, messageType, position, publishTimeMillis, title) values (2, true, 'The Wanted would love to match the drama and musicality of the Take That shows on their upcoming tour. The boys start a 10 date US Tour on Jan 17th and then head back to the UK for their 1st show on February 15th at the Capital FM Arena in Nottingham.', 5, 'DAILY', 'POPUP',2, 1315686788000, 'The Wanted would love to match the drama and musicality of the Take That shows on their upcoming tour. The boys start a 10 date US Tour on Jan 17th and then head back to the UK for their 1st show on February 15th at the Capital FM Arena in Nottingham.');
insert into messages (id, activated, body, community_id, frequence, messageType, position, publishTimeMillis, title) values (3, true, 'The NOW! Top 40 Chart delivers all the hits, all the time, straight to your mobile! Subscribed already? Congrats! If not, please get your groove on to keep the hits coming! Click in app or via your email! No email? Check your junk folder! Go for it!', 5, 'WEEKLY', 'NOTIFICATION',3, 1315686788000, 'The NOW! Top 40 Chart delivers all the hits, all the time, straight to your mobile! Subscribed already? Congrats! If not, please get your groove on to keep the hits coming! Click in app or via your email! No email? Check your junk folder! Go for it!');
insert into messages (id, activated, body, community_id, frequence, messageType, position, publishTimeMillis, title) values (4, true, 'Flipping back to music after producing new movie W.E., Madonna revealed that her 12th album will be called MDNA and will more than likely be released in March. The first single Gimme All Your Luvin will feature Nicki Minaj and MIA.', 5, null, 'NEWS',4, 1315686788000, 'Flipping back to music after producing new movie W.E., Madonna revealed that her 12th album will be called MDNA and will more than likely be released in March. The first single Gimme All Your Luvin will feature Nicki Minaj and MIA.');
insert into messages (id, activated, body, community_id, frequence, messageType, position, publishTimeMillis, title) values (5, true, 'Grammy producers are keen for Adele to open the legendary awards ceremony in February but will have to wait for an answer as the singer is still recovering from throat surgery. The Someone Like You singer has been nominated for six awards.', 5, 'ONCE', 'POPUP',5, 1315686788000, 'Blue Ivy Carter, new daughter of Beyonce and JayZ, is already making chart history! Daddy Z features cute cries from little Princess B on his new track, Glory, making her the youngest person ever to appear in the Billboard chart!');
insert into messages (id, activated, body, community_id, frequence, messageType, position, publishTimeMillis, title) values (6, false, 'MasterCard and the Brits have launched an amazing competition in which fans can duet with either JLS, Emeli Sande or Labrinth. The winner will get VIP tickets to the awards show itself AND appear in an advert with their favourite popstar!', 5,'DAILY', 'NOTIFICATION',6, 1315686788000, 'MasterCard and the Brits have launched an amazing competition in which fans can duet with either JLS, Emeli Sande or Labrinth. The winner will get VIP tickets to the awards show itself AND appear in an advert with their favourite popstar!');
insert into messages (id, activated, body, community_id, frequence, messageType, position, publishTimeMillis, title) values (7, true, 'Cher Lloyd is engaged! According to reports, the Swagger Jagger hitmaker and her boyfriend, hairdresser Craig Monk, actually got engaged last month but have been trying to keep it a secret. Best of luck to the happy couple!', 5, null, 'NEWS',7, 1315686788000, 'Cher Lloyd is engaged! According to reports, the Swagger Jagger hitmaker and her boyfriend, hairdresser Craig Monk, actually got engaged last month but have been trying to keep it a secret. Best of luck to the happy couple!');
insert into messages (id, activated, body, community_id, frequence, messageType, position, publishTimeMillis, title) values (8, true, 'Lady Gaga has apparently taken up darts! The Born This Way singer recently accompanied her Vampire Diaries actor boyfriend, Taylor Kinney, to a pub game and apparently she is hooked! Taylor partnered Gaga as her love interest in her video You and I.', 5, null, 'POPUP',8, 1315686788000, 'Lady Gaga has apparently taken up darts! The Born This Way singer recently accompanied her Vampire Diaries actor boyfriend, Taylor Kinney, to a pub game and apparently she is hooked! Taylor partnered Gaga as her love interest in her video You and I.');
insert into messages (id, activated, body, community_id, frequence, messageType, position, publishTimeMillis, title) values (9, true, 'With Little Mix winning X Factor, an original Sugababes reunion and a rumoured new 10th anniversary Girls Aloud album, 2012 looks like the year of the girl band! Wonder what the Spice Girls are up to?', 5, 'DAILY', 'NOTIFICATION',9, 1315686788000, 'With Little Mix winning X Factor, an original Sugababes reunion and a rumoured new 10th anniversary Girls Aloud album, 2012 looks like the year of the girl band! Wonder what the Spice Girls are up to?');
insert into messages (id, activated, body, community_id, frequence, messageType, position, publishTimeMillis, title) values (10, true,'The BRIT Awards 2012 will be held on Tuesday 21 February at The O2 Arena and broadcast live on ITV1. James Corden will host again this year and nominees have been announced. www.brits.co.uk', 5, null, 'NEWS',10, 1315686788000, 'The BRIT Awards 2012 will be held on Tuesday 21 February at The O2 Arena and broadcast live on ITV1. James Corden will host again this year and nominees have been announced. www.brits.co.uk');

insert into messages (id, activated, body, community_id, frequence, messageType, position, publishTimeMillis, title) values (11, true, 'Blue Ivy Carter, new daughter of Beyonce and JayZ, is already making chart history! Daddy Z features cute cries from little Princess B on his new track, Glory, making her the youngest person ever to appear in the Billboard chart!', 7, null, 'NEWS',1, 1315686788000, 'Blue Ivy Carter, new daughter of Beyonce and JayZ, is already making chart history! Daddy Z features cute cries from little Princess B on his new track, Glory, making her the youngest person ever to appear in the Billboard chart!');
insert into messages (id, activated, body, community_id, frequence, messageType, position, publishTimeMillis, title) values (12, true, 'The Wanted would love to match the drama and musicality of the Take That shows on their upcoming tour. The boys start a 10 date US Tour on Jan 17th and then head back to the UK for their 1st show on February 15th at the Capital FM Arena in Nottingham.', 7, 'DAILY', 'POPUP',2, 1315686788000, 'The Wanted would love to match the drama and musicality of the Take That shows on their upcoming tour. The boys start a 10 date US Tour on Jan 17th and then head back to the UK for their 1st show on February 15th at the Capital FM Arena in Nottingham.');
insert into messages (id, activated, body, community_id, frequence, messageType, position, publishTimeMillis, title) values (13, true, 'The NOW! Top 40 Chart delivers all the hits, all the time, straight to your mobile! Subscribed already? Congrats! If not, please get your groove on to keep the hits coming! Click in app or via your email! No email? Check your junk folder! Go for it!', 7, 'WEEKLY', 'NOTIFICATION',3, 1315686788000, 'The NOW! Top 40 Chart delivers all the hits, all the time, straight to your mobile! Subscribed already? Congrats! If not, please get your groove on to keep the hits coming! Click in app or via your email! No email? Check your junk folder! Go for it!');
insert into messages (id, activated, body, community_id, frequence, messageType, position, publishTimeMillis, title) values (14, true, 'Flipping back to music after producing new movie W.E., Madonna revealed that her 12th album will be called MDNA and will more than likely be released in March. The first single Gimme All Your Luvin will feature Nicki Minaj and MIA.', 7, null, 'NEWS',4, 1315686788000, 'Flipping back to music after producing new movie W.E., Madonna revealed that her 12th album will be called MDNA and will more than likely be released in March. The first single Gimme All Your Luvin will feature Nicki Minaj and MIA.');
insert into messages (id, activated, body, community_id, frequence, messageType, position, publishTimeMillis, title) values (15, true, 'Grammy producers are keen for Adele to open the legendary awards ceremony in February but will have to wait for an answer as the singer is still recovering from throat surgery. The Someone Like You singer has been nominated for six awards.', 7, 'ONCE', 'POPUP',5, 1315686788000, 'Blue Ivy Carter, new daughter of Beyonce and JayZ, is already making chart history! Daddy Z features cute cries from little Princess B on his new track, Glory, making her the youngest person ever to appear in the Billboard chart!');
insert into messages (id, activated, body, community_id, frequence, messageType, position, publishTimeMillis, title) values (16, false, 'MasterCard and the Brits have launched an amazing competition in which fans can duet with either JLS, Emeli Sande or Labrinth. The winner will get VIP tickets to the awards show itself AND appear in an advert with their favourite popstar!', 7,'DAILY', 'NOTIFICATION',6, 1315686788000, 'MasterCard and the Brits have launched an amazing competition in which fans can duet with either JLS, Emeli Sande or Labrinth. The winner will get VIP tickets to the awards show itself AND appear in an advert with their favourite popstar!');
insert into messages (id, activated, body, community_id, frequence, messageType, position, publishTimeMillis, title) values (17, true, 'Cher Lloyd is engaged! According to reports, the Swagger Jagger hitmaker and her boyfriend, hairdresser Craig Monk, actually got engaged last month but have been trying to keep it a secret. Best of luck to the happy couple!', 7, null, 'NEWS',7, 1315686788000, 'Cher Lloyd is engaged! According to reports, the Swagger Jagger hitmaker and her boyfriend, hairdresser Craig Monk, actually got engaged last month but have been trying to keep it a secret. Best of luck to the happy couple!');
insert into messages (id, activated, body, community_id, frequence, messageType, position, publishTimeMillis, title) values (18, true, 'Lady Gaga has apparently taken up darts! The Born This Way singer recently accompanied her Vampire Diaries actor boyfriend, Taylor Kinney, to a pub game and apparently she is hooked! Taylor partnered Gaga as her love interest in her video You and I.', 7, null, 'POPUP',8, 1315686788000, 'Lady Gaga has apparently taken up darts! The Born This Way singer recently accompanied her Vampire Diaries actor boyfriend, Taylor Kinney, to a pub game and apparently she is hooked! Taylor partnered Gaga as her love interest in her video You and I.');
insert into messages (id, activated, body, community_id, frequence, messageType, position, publishTimeMillis, title) values (19, true, 'With Little Mix winning X Factor, an original Sugababes reunion and a rumoured new 10th anniversary Girls Aloud album, 2012 looks like the year of the girl band! Wonder what the Spice Girls are up to?', 7, 'DAILY', 'NOTIFICATION',9, 1315686788000, 'With Little Mix winning X Factor, an original Sugababes reunion and a rumoured new 10th anniversary Girls Aloud album, 2012 looks like the year of the girl band! Wonder what the Spice Girls are up to?');
insert into messages (id, activated, body, community_id, frequence, messageType, position, publishTimeMillis, title) values (20, true,'The BRIT Awards 2012 will be held on Tuesday 21 February at The O2 Arena and broadcast live on ITV1. James Corden will host again this year and nominees have been announced. www.brits.co.uk', 7, null, 'NEWS',10, 1315686788000, 'The BRIT Awards 2012 will be held on Tuesday 21 February at The O2 Arena and broadcast live on ITV1. James Corden will host again this year and nominees have been announced. www.brits.co.uk');

insert into messages (id, activated, body                                                                                                                                                                                                                                                         , community_id, frequence, messageType, position, publishTimeMillis, title) values (81 , true     , 'Blue Ivy Carter, new daughter of Beyonce and JayZ, is already making chart history! Daddy Z features cute cries from little Princess B on his new track, Glory, making her the youngest person ever to appear in the Billboard chart!'                      , 5           , null     , 'AD'       ,1        , 0                , 'http://www.ukr.net')                                                                                                                                                                                                                                       , (82 , true     , 'The Wanted would love to match the drama and musicality of the Take That shows on their upcoming tour. The boys start a 10 date US Tour on Jan 17th and then head back to the UK for their 1st show on February 15th at the Capital FM Arena in Nottingham.', 5           , null     , 'AD'       ,2        , 0                , 'http://google.com.ua')                                                                                                                                                                                                                                     , (83 , true     , 'The NOW! Top 40 Chart delivers all the hits, all the time, straight to your mobile! Subscribed already? Congrats! If not, please get your groove on to keep the hits coming! Click in app or via your email! No email? Check your junk folder! Go for it!'  , 5           , null     , 'AD'       ,3        , 0                , '1XLS70CD'), (84 , true     , 'Flipping back to music after producing new movie W.E., Madonna revealed that her 12th album will be called MDNA and will more than likely be released in March. The first single Gimme All Your Luvin will feature Nicki Minaj and MIA.'                    , 5           , null     , 'AD'       ,4        , 0                , '2XLS70CD')                  , (85 , true     , 'Grammy producers are keen for Adele to open the legendary awards ceremony in February but will have to wait for an answer as the singer is still recovering from throat surgery. The Someone Like You singer has been nominated for six awards.'            , 5           , null     , 'AD'       ,5        , 0                , '3XLS70CD')                    , (86 , false    , 'MasterCard and the Brits have launched an amazing competition in which fans can duet with either JLS, Emeli Sande or Labrinth. The winner will get VIP tickets to the awards show itself AND appear in an advert with their favourite popstar!'             , 5           , null     , 'AD'       ,6        , 0                , 'http://www.i.ua/')           , (87 , true     , 'Cher Lloyd is engaged! According to reports, the Swagger Jagger hitmaker and her boyfriend, hairdresser Craig Monk, actually got engaged last month but have been trying to keep it a secret. Best of luck to the happy couple!'                            , 5           , null     , 'AD'       ,7        , 0                , '4XLS70CD')                          , (88 , false    , 'Lady Gaga has apparently taken up darts! The Born This Way singer recently accompanied her Vampire Diaries actor boyfriend, Taylor Kinney, to a pub game and apparently she is hooked! Taylor partnered Gaga as her love interest in her video You and I.'  , 5           , null     , 'AD'       ,8        , 0                , '5XLS70CD'), (89 , true     , 'With Little Mix winning X Factor, an original Sugababes reunion and a rumoured new 10th anniversary Girls Aloud album, 2012 looks like the year of the girl band! Wonder what the Spice Girls are up to?'                                                   , 5           , null     , 'AD'       ,9        , 0                , 'https://musicqubed.com/')                                                 , (90 , true     , 'The BRIT Awards 2012 will be held on Tuesday 21 February at The O2 Arena and broadcast live on ITV1. James Corden will host again this year and nominees have been announced. www.brits.co.uk'                                                              , 5           , null     , 'AD'       ,10       , 0                , '6XLS70CD');
insert into messages (id, activated, body                                                                                                                                                                                                                                                         , community_id, frequence, messageType, position, publishTimeMillis, title) values (91 , true     , 'Blue Ivy Carter, new daughter of Beyonce and JayZ, is already making chart history! Daddy Z features cute cries from little Princess B on his new track, Glory, making her the youngest person ever to appear in the Billboard chart!'                      , 7           , null     , 'AD'       ,1        , 0                , 'http://www.ukr.net')                                                                                                                                                                                                                                       , (92 , true     , 'The Wanted would love to match the drama and musicality of the Take That shows on their upcoming tour. The boys start a 10 date US Tour on Jan 17th and then head back to the UK for their 1st show on February 15th at the Capital FM Arena in Nottingham.', 7           , null     , 'AD'       ,2        , 0                , 'http://google.com.ua')                                                                                                                                                                                                                                     , (93 , true     , 'The NOW! Top 40 Chart delivers all the hits, all the time, straight to your mobile! Subscribed already? Congrats! If not, please get your groove on to keep the hits coming! Click in app or via your email! No email? Check your junk folder! Go for it!'  , 7           , null     , 'AD'       ,3        , 0                , '1XLS70CD'), (94 , true     , 'Flipping back to music after producing new movie W.E., Madonna revealed that her 12th album will be called MDNA and will more than likely be released in March. The first single Gimme All Your Luvin will feature Nicki Minaj and MIA.'                    , 7           , null     , 'AD'       ,4        , 0                , '2XLS70CD')                  , (95 , true     , 'Grammy producers are keen for Adele to open the legendary awards ceremony in February but will have to wait for an answer as the singer is still recovering from throat surgery. The Someone Like You singer has been nominated for six awards.'            , 7           , null     , 'AD'       ,5        , 0                , '3XLS70CD')                    , (96 , false    , 'MasterCard and the Brits have launched an amazing competition in which fans can duet with either JLS, Emeli Sande or Labrinth. The winner will get VIP tickets to the awards show itself AND appear in an advert with their favourite popstar!'             , 7           , null     , 'AD'       ,6        , 0                , 'http://www.i.ua/')           , (97 , true     , 'Cher Lloyd is engaged! According to reports, the Swagger Jagger hitmaker and her boyfriend, hairdresser Craig Monk, actually got engaged last month but have been trying to keep it a secret. Best of luck to the happy couple!'                            , 7           , null     , 'AD'       ,7        , 0                , '4XLS70CD')                          , (98 , false    , 'Lady Gaga has apparently taken up darts! The Born This Way singer recently accompanied her Vampire Diaries actor boyfriend, Taylor Kinney, to a pub game and apparently she is hooked! Taylor partnered Gaga as her love interest in her video You and I.'  , 7           , null     , 'AD'       ,8        , 0                , '5XLS70CD'), (99 , true     , 'With Little Mix winning X Factor, an original Sugababes reunion and a rumoured new 10th anniversary Girls Aloud album, 2012 looks like the year of the girl band! Wonder what the Spice Girls are up to?'                                                   , 7           , null     , 'AD'       ,9        , 0                , 'https://musicqubed.com/')                                                 , (100 , true     , 'The BRIT Awards 2012 will be held on Tuesday 21 February at The O2 Arena and broadcast live on ITV1. James Corden will host again this year and nominees have been announced. www.brits.co.uk'                                                              , 7           , null     , 'AD'       ,10       , 0                , '6XLS70CD');

insert into messages (id , activated, body                                                                                                                                                                                                                                                         , community_id, frequence                      , messageType , position, publishTimeMillis, title               , action       , actionType                , actionButtonText) values (101, false    , 'Blue Ivy Carter, new daughter of Beyonce and JayZ, is already making chart history! Daddy Z features cute cries from little Princess B on his new track, Glory, making her the youngest person ever to appear in the Billboard chart!'                      , 7           , 'ONCE'                         , 'RICH_POPUP',1        , 0                , 'rich popup title1' , null         , 'SUBSCRIPTION_PAGE'       , 'action button text 1') , (102, true     , 'The Wanted would love to match the drama and musicality of the Take That shows on their upcoming tour. The boys start a 10 date US Tour on Jan 17th and then head back to the UK for their 1st show on February 15th at the Capital FM Arena in Nottingham.', 7           , 'ONCE_AFTER_1ST_TRACK_DOWNLOAD', 'RICH_POPUP',2        , 0                , 'rich popup title2' , null         , 'OFFICIAL_TOP_40_PLAYLIST', 'action button text 2') , (103, true     , 'The NOW! Top 40 Chart delivers all the hits, all the time, straight to your mobile! Subscribed already? Congrats! If not, please get your groove on to keep the hits coming! Click in app or via your email! No email? Check your junk folder! Go for it!'  , 7           , 'WEEKLY'                       , 'RICH_POPUP',3        , 0                , 'rich popup title3' , null         , 'JUST_IN_PLAYLIST'        , 'action button text 3') , (104, true     , 'Flipping back to music after producing new movie W.E., Madonna revealed that her 12th album will be called MDNA and will more than likely be released in March. The first single Gimme All Your Luvin will feature Nicki Minaj and MIA.'                    , 7           , 'DAILY'                        , 'RICH_POPUP',4        , 0                , 'rich popup title4' , null         , 'OUR_PLAYLIST'            , 'action button text 4') , (105, true     , 'Grammy producers are keen for Adele to open the legendary awards ceremony in February but will have to wait for an answer as the singer is still recovering from throat surgery. The Someone Like You singer has been nominated for six awards.'            , 7           , 'ONCE'                         , 'RICH_POPUP',5        , 0                , 'rich popup title5' , null         , 'THE_4TH_PLAYLIST'        , 'action button text 5') , (106, true     , 'MasterCard and the Brits have launched an amazing competition in which fans can duet with either JLS, Emeli Sande or Labrinth. The winner will get VIP tickets to the awards show itself AND appear in an advert with their favourite popstar!'             , 7           , 'ONCE_AFTER_1ST_TRACK_DOWNLOAD', 'RICH_POPUP',6        , 0                , 'rich popup title6' , '3XLS70CD'   , 'A_SPECIFIC_TRACK'        , 'action button text 6') , (107, true     , 'Cher Lloyd is engaged! According to reports, the Swagger Jagger hitmaker and her boyfriend, hairdresser Craig Monk, actually got engaged last month but have been trying to keep it a secret. Best of luck to the happy couple!'                            , 7           , 'DAILY'                        , 'RICH_POPUP',7        , 0                , 'rich popup title7' , null         , 'THE_NEWS_LIST'           , 'action button text 7') , (108, true     , 'Lady Gaga has apparently taken up darts! The Born This Way singer recently accompanied her Vampire Diaries actor boyfriend, Taylor Kinney, to a pub game and apparently she is hooked! Taylor partnered Gaga as her love interest in her video You and I.'  , 7           , null                           , 'RICH_POPUP',8        , 0                , 'rich popup title8' , '999'        , 'A_SPECIFIC_NEWS_STORY'   , 'action button text 8') , (109, true     , 'With Little Mix winning X Factor, an original Sugababes reunion and a rumoured new 10th anniversary Girls Aloud album, 2012 looks like the year of the girl band! Wonder what the Spice Girls are up to?'                                                   , 7           , 'ONCE_AFTER_1ST_TRACK_DOWNLOAD', 'RICH_POPUP',9        , 0                , 'rich popup title9' , null         , 'THE_ACCOUNT_SCREEN'      , 'action button text 9') , (110, true     , 'The BRIT Awards 2012 will be held on Tuesday 21 February at The O2 Arena and broadcast live on ITV1. James Corden will host again this year and nominees have been announced. www.brits.co.uk'                                                              , 7           , null                           , 'RICH_POPUP',10       , 0                , 'rich popup title10', 'http://i.ua', 'EXTERNAL_URL'            , 'action button text 10'), (111, true     , 'The BRIT Awards 2012 will be held on Tuesday 21 February at The O2 Arena and broadcast live on ITV1. James Corden will host again this year and nominees have been announced. www.brits.co.uk'                                                              , 7           , null                           , 'RICH_POPUP',11       , 0                , 'rich popup title11', 'http://i.ua', 'MOBILE_WEB_PORTAL'       , 'action button text 11');

insert into messages_filters (filterWithCtiteria_id, messages_id) values (6,2);
insert into messages_filters (filterWithCtiteria_id, messages_id) values (3,3);

insert into messages_filters (filterWithCtiteria_id, messages_id) values (4,5);
insert into messages_filters (filterWithCtiteria_id, messages_id) values (7,6);

insert into messages_filters (filterWithCtiteria_id, messages_id) values (2,8);
insert into messages_filters (filterWithCtiteria_id, messages_id) values (3,9);

insert into messages_filters (filterWithCtiteria_id, messages_id) values (8,2);
insert into messages_filters (filterWithCtiteria_id, messages_id) values (9,3);

insert into messages_filters (filterWithCtiteria_id, messages_id) values (10,5);
insert into messages_filters (filterWithCtiteria_id, messages_id) values (8,6);

insert into messages_filters (filterWithCtiteria_id, messages_id) values (11,8);
insert into messages_filters (filterWithCtiteria_id, messages_id) values (8,9);

insert into messages_filters (filterWithCtiteria_id, messages_id) values (6,12);
insert into messages_filters (filterWithCtiteria_id, messages_id) values (3,13);

insert into messages_filters (filterWithCtiteria_id, messages_id) values (4,15);
insert into messages_filters (filterWithCtiteria_id, messages_id) values (7,16);

insert into messages_filters (filterWithCtiteria_id, messages_id) values (2,18);
insert into messages_filters (filterWithCtiteria_id, messages_id) values (3,19);

insert into messages_filters (filterWithCtiteria_id, messages_id) values (8,12);
insert into messages_filters (filterWithCtiteria_id, messages_id) values (9,13);

insert into messages_filters (filterWithCtiteria_id, messages_id) values (10,15);
insert into messages_filters (filterWithCtiteria_id, messages_id) values (8,16);

insert into messages_filters (filterWithCtiteria_id, messages_id) values (11,18);
insert into messages_filters (filterWithCtiteria_id, messages_id) values (8,19);

insert into messages_filters (filterWithCtiteria_id, messages_id) values (1                                     , 81         ), (2                                     , 82         ), (8                                     , 82         ), (3                                     , 83         ), (9                                     , 83         ), (4                                     , 84         ), (5                                     , 85         ), (10                                    , 85         ), (6                                     , 87         ), (7                                     , 88         ), (11                                    , 89         ), (8                                     , 90         );
insert into messages_filters (filterWithCtiteria_id, messages_id) values (1                                     , 91         ), (2                                     , 92         ), (8                                     , 92         ), (3                                     , 93         ), (9                                     , 93         ), (4                                     , 94         ), (5                                     , 95         ), (10                                    , 95         ), (6                                     , 97         ), (7                                     , 98         ), (11                                    , 99         ), (8                                     , 100        );

insert into tb_userGroups (id, name, community, chart) values (1,'Default Group',1,1),(2,'Default Group',2,2),(3,'Default Group',3,3),(4,'Default Group',4,4),(5,'Default Group',5,5),(6,'Default Group',6,5),(7,'O2 Group',7,5),(8,'VF New Zealand Group',8,5), (9,'HeyList UK Group',9,16), (10,'MTV1 UK Group',10,16), (11,'MTV NZ Group',11,16);

INSERT INTO `tb_operators` (`i`,`name`, `migName`) VALUES (1,'Orange UK','MIG01OU'),(2,'Vodafone UK','MIG00VU'),(3,'O2 UK','MIG01XU'),(4,'T-Mobile UK','MIG01TU'),(5,'Three UK','MIG01HU'),(6,'ASDA Mobile','Not Specified'),(7,'BT','Not Specified'),(8,'Giffgaff','Not Specified'),(9,'IDT Mobile','Not Specified'),(10,'Talkmobile','Not Specified'),(11,'TalkTalk','Not Specified'),(12,'Tesco Mobile','Not Specified'),(13,'Truphone','Not Specified'),(14,'Virgin Mobile','Not Specified');

insert into tb_paymentStatus (id,name) values(1,'NULL');
insert into tb_paymentStatus (id,name) values(2,'OK');
insert into tb_paymentStatus (id,name) values(3,'AWAITING_PSMS');
insert into tb_paymentStatus (id,name) values(4,'PSMS_ERROR');
insert into tb_paymentStatus (id,name) values(5,'PIN_PENDING');
insert into tb_paymentStatus (id,name) values(6,'AWAITING_PAYMENT');
insert into tb_paymentStatus (id,name) values(7,'PAY_PAL_ERROR');
insert into tb_paymentStatus (id,name) values(8,'AWAITING_PAY_PAL');

INSERT INTO tb_promotions (i, description, numUsers, maxUsers, duration, duration_unit, startDate, endDate, isActive, subWeeks , userGroup, type, showPromotion, label) VALUES (1,'Test Promotion',0,1000,4,'WEEKS',1306337943,1309016343,0,0,1,'noPromoCode',0,'label');
INSERT INTO tb_promotions (i, description, numUsers, maxUsers, duration, duration_unit, startDate, endDate, isActive, subWeeks , userGroup, type, showPromotion, label) VALUES (2,'Metal Hammer Promotion',11,300,4,'WEEKS',1312844400,1437411927,1,0,4,'PromoCode',0,'label');
INSERT INTO tb_promotions (i, description, numUsers, maxUsers, duration, duration_unit, startDate, endDate, isActive, subWeeks , userGroup, type, showPromotion, label) VALUES (3,'Now Music Promotion',55,300,4,'WEEKS',1312844400,1356991200,1,0,5,'noPromoCode',0,'label');
INSERT INTO tb_promotions (i, description, numUsers, maxUsers, duration, duration_unit, startDate, endDate, isActive, subWeeks , userGroup, type, showPromotion, label) VALUES (4,'Free Weeks Now Music Promotion',107,0,2,'WEEKS',1312844400,1356991200,1,0,5,'PromoCode',1,'label');
INSERT INTO tb_promotions (i, description, numUsers, maxUsers, duration, duration_unit, startDate, endDate, isActive, subWeeks , userGroup, type, showPromotion, label) VALUES (5,'Free Weeks ChartsNow Promotion',35,0,2,'WEEKS',1312844400,1326287900,1,0,3,'PromoCode',0,'label');
INSERT INTO tb_promotions (i, description, numUsers, maxUsers, duration, duration_unit, startDate, endDate, isActive, subWeeks , userGroup, type, showPromotion, label) VALUES (6,'occ',35,0,2,'WEEKS',1312844400,1437411927,1,0,6,'PromoCode',1,'label');
INSERT INTO tb_promotions (i, description, numUsers, maxUsers, duration, duration_unit, startDate, endDate, isActive, subWeeks , userGroup, type, showPromotion, label) VALUES (7,'o2',35,0,2,'WEEKS',1312844400,1437411927,1,0,7,'PromoCode',1,'label');
INSERT INTO tb_promotions (i, description, numUsers, maxUsers, duration, duration_unit, startDate, endDate, isActive, subWeeks , userGroup, type, showPromotion, label) VALUES (8,'o2 Promotion',55,300,4,'WEEKS',1312844400,1356991200,1,0,7,'noPromoCode',0,'label');
INSERT INTO tb_promotions (i, description, numUsers, maxUsers, duration, duration_unit, startDate, endDate, isActive, subWeeks , userGroup, type, showPromotion, label) VALUES (9,'VF',35,0,2,'WEEKS',1312844400,1437411927,1,0,8,'PromoCode',1,'label');
INSERT INTO tb_promotions (i, description, numUsers, maxUsers, duration, duration_unit, startDate, endDate, isActive, subWeeks , userGroup, type, showPromotion, label) VALUES (10,'VF Promotion',55,300,4,'WEEKS',1312844400,1356991200,1,0,8,'noPromoCode',0,'label');
INSERT INTO tb_promotions (i, description, numUsers, maxUsers, duration, duration_unit, startDate, endDate, isActive, subWeeks , userGroup, type, showPromotion, label) VALUES (100,'O2 4G Promotion',0,1000,4,'WEEKS',0,1909016343,1,0,7,'PromoCode',1,'label');
INSERT INTO tb_promotions (i, description, numUsers, maxUsers, duration, duration_unit, startDate, endDate, isActive, subWeeks , userGroup, type, showPromotion, label) VALUES (101,'O2 3G Campaign Promotion',0,1000,1,'WEEKS',0,1909016343,1,0,7,'PromoCode',1,'label');
INSERT INTO tb_promotions (i, description, numUsers, maxUsers, duration, duration_unit, startDate, endDate, isActive, subWeeks , userGroup, type, showPromotion, label) VALUES (102,'O2 4G Campaign Promotion',0,1000,1,'WEEKS',0,1909016343,1,0,7,'PromoCode',1,'label');
INSERT INTO tb_promotions (i, description, numUsers, maxUsers, duration, duration_unit, startDate, endDate, isActive, subWeeks , userGroup, type, showPromotion, label) VALUES (103,'HL UK Promotion',0,1000,1,'WEEKS',0,1909016343,1,0,9,'PromoCode',1,'label');

INSERT INTO tb_promoCode (id, code, promotionId, media_type) VALUES (1,'promo8',4, 'AUDIO'),(2,'promo8',5,'AUDIO'), (3,'promo8',6, 'AUDIO'),(4,'promo8',7, 'AUDIO'),(5,'promo8',9, 'AUDIO'),(6,'o2.consumer.4g.payg',100, 'VIDEO_AND_AUDIO'),(7,'o2Campaign3G',101, 'AUDIO'), (8,'o2Campaign4G',102, 'VIDEO_AND_AUDIO'), (9,'promo8',103, 'VIDEO_AND_AUDIO');

INSERT INTO `tb_paymentPolicy` (i,communityID, currencyISO, duration, duration_unit, subCost, paymentType, operator, shortCode, availableInStore, tariff, media_type, advanced_payment_seconds, after_next_sub_payment_seconds, is_default, online, start_date_time, end_date_time) VALUES (4  ,1,'GBP',4,'WEEKS','4.62','creditCard',null,''     ,true, '_3G', 'AUDIO', 0, 0, FALSE, TRUE, '1970-01-01 00:00:01', '9999-12-31 23:59:59');
INSERT INTO `tb_paymentPolicy` (i,communityID, currencyISO, duration, duration_unit, subCost, paymentType, operator, shortCode, availableInStore, tariff, media_type, advanced_payment_seconds, after_next_sub_payment_seconds, is_default, online, start_date_time, end_date_time) VALUES (5  ,2,'GBP',4,'WEEKS','5.00','creditCard',NULL, ''    ,TRUE, '_3G', 'AUDIO', 0, 0, FALSE, TRUE, '1970-01-01 00:00:01', '9999-12-31 23:59:59');
INSERT INTO `tb_paymentPolicy` (i,communityID, currencyISO, duration, duration_unit, subCost, paymentType, operator, shortCode, availableInStore, tariff, media_type, advanced_payment_seconds, after_next_sub_payment_seconds, is_default, online, start_date_time, end_date_time) VALUES (6  ,3,'GBP',5,'WEEKS','5.00','creditCard',NULL, ''    ,TRUE, '_3G', 'AUDIO', 0, 0, FALSE, TRUE, '1970-01-01 00:00:01', '9999-12-31 23:59:59');
INSERT INTO `tb_paymentPolicy` (i,communityID, currencyISO, duration, duration_unit, subCost, paymentType, operator, shortCode, availableInStore, tariff, media_type, advanced_payment_seconds, after_next_sub_payment_seconds, is_default, online, start_date_time, end_date_time) VALUES (7  ,4,'GBP',4,'WEEKS','4.62','creditCard',NULL, ''    ,TRUE, '_3G', 'AUDIO', 0, 0, FALSE, TRUE, '1970-01-01 00:00:01', '9999-12-31 23:59:59');
INSERT INTO `tb_paymentPolicy` (i,communityID, currencyISO, duration, duration_unit, subCost, paymentType, operator, shortCode, availableInStore, tariff, media_type, advanced_payment_seconds, after_next_sub_payment_seconds, is_default, online, start_date_time, end_date_time) VALUES (8  ,5,'GBP',5,'WEEKS','5'   ,'creditCard',NULL, ''    ,TRUE, '_3G', 'AUDIO', 0, 0, FALSE, TRUE, '1970-01-01 00:00:01', '9999-12-31 23:59:59');
INSERT INTO `tb_paymentPolicy` (i,communityID, currencyISO, duration, duration_unit, subCost, paymentType, operator, shortCode, availableInStore, tariff, media_type, advanced_payment_seconds, after_next_sub_payment_seconds, is_default, online, start_date_time, end_date_time) VALUES (9  ,5,'GBP',3,'WEEKS','4'   ,'PSMS'      ,2   ,'80988',true, '_3G', 'AUDIO', 0, 0, false, true, '1970-01-01 00:00:01', '9999-12-31 23:59:59');
INSERT INTO `tb_paymentPolicy` (i,communityID, currencyISO, duration, duration_unit, subCost, paymentType, operator, shortCode, availableInStore, tariff, media_type, advanced_payment_seconds, after_next_sub_payment_seconds, is_default, online, start_date_time, end_date_time) VALUES (10 ,5,'GBP',3,'WEEKS','4'   ,'PSMS'      ,4   ,'80988',true, '_3G', 'AUDIO', 0, 0, false, true, '1970-01-01 00:00:01', '9999-12-31 23:59:59');
INSERT INTO `tb_paymentPolicy` (i,communityID, currencyISO, duration, duration_unit, subCost, paymentType, operator, shortCode, availableInStore, tariff, media_type, advanced_payment_seconds, after_next_sub_payment_seconds, is_default, online, start_date_time, end_date_time) VALUES (11 ,5,'GBP',3,'WEEKS','4'   ,'PSMS'      ,14  ,'80988',true, '_3G', 'AUDIO', 0, 0, false, true, '1970-01-01 00:00:01', '9999-12-31 23:59:59');
INSERT INTO `tb_paymentPolicy` (i,communityID, currencyISO, duration, duration_unit, subCost, paymentType, operator, shortCode, availableInStore, tariff, media_type, advanced_payment_seconds, after_next_sub_payment_seconds, is_default, online, start_date_time, end_date_time) VALUES (12 ,5,'GBP',3,'WEEKS','4'   ,'PSMS'      ,1   ,'80988',true, '_3G', 'AUDIO', 0, 0, false, true, '1970-01-01 00:00:01', '9999-12-31 23:59:59');
INSERT INTO `tb_paymentPolicy` (i,communityID, currencyISO, duration, duration_unit, subCost, paymentType, operator, shortCode, availableInStore, tariff, media_type, advanced_payment_seconds, after_next_sub_payment_seconds, is_default, online, start_date_time, end_date_time) VALUES (13 ,5,'GBP',3,'WEEKS','4'   ,'PSMS'      ,5   ,'80988',true, '_3G', 'AUDIO', 0, 0, false, true, '1970-01-01 00:00:01', '9999-12-31 23:59:59');
INSERT INTO `tb_paymentPolicy` (i,communityID, currencyISO, duration, duration_unit, subCost, paymentType, operator, shortCode, availableInStore, tariff, media_type, advanced_payment_seconds, after_next_sub_payment_seconds, is_default, online, start_date_time, end_date_time) VALUES (129,3,'GBP',3,'WEEKS','4'   ,'PSMS'      ,5   ,'80988',true, '_3G', 'AUDIO', 0, 0, false, true, '1970-01-01 00:00:01', '9999-12-31 23:59:59');
INSERT INTO `tb_paymentPolicy` (i,communityID, currencyISO, duration, duration_unit, subCost, paymentType, operator, shortCode, availableInStore, tariff, media_type, advanced_payment_seconds, after_next_sub_payment_seconds, is_default, online, start_date_time, end_date_time) VALUES (189,5,'GBP',3,'WEEKS','5'   ,'PAY_PAL'   ,null,''     ,true, '_3G', 'AUDIO', 0, 0, false, true, '1970-01-01 00:00:01', '9999-12-31 23:59:59');
INSERT INTO `tb_paymentPolicy` (i,communityID, currencyISO, duration, duration_unit, subCost, paymentType, operator, shortCode, availableInStore, tariff, media_type, advanced_payment_seconds, after_next_sub_payment_seconds, is_default, online, start_date_time, end_date_time) VALUES (220,4,'GBP',3,'WEEKS','5'   ,'PAY_PAL'   ,null,''     ,true, '_3G', 'AUDIO', 0, 0, false, true, '1970-01-01 00:00:01', '9999-12-31 23:59:59');
INSERT INTO `tb_paymentPolicy` (i,communityID, currencyISO, duration, duration_unit, subCost, paymentType, operator, shortCode, availableInStore, tariff, media_type, advanced_payment_seconds, after_next_sub_payment_seconds, is_default, online, start_date_time, end_date_time) VALUES (221,6,'GBP',3,'WEEKS','4'   ,'PSMS'      ,5   ,'80988',true, '_3G', 'AUDIO', 0, 0, false, true, '1970-01-01 00:00:01', '9999-12-31 23:59:59');
INSERT INTO `tb_paymentPolicy` (i,communityID, currencyISO, duration, duration_unit, subCost, paymentType, operator, shortCode, availableInStore, tariff, media_type, advanced_payment_seconds, after_next_sub_payment_seconds, is_default, online, start_date_time, end_date_time) VALUES (222,6,'GBP',3,'WEEKS','5'   ,'PAY_PAL'   ,null,''     ,true, '_3G', 'AUDIO', 0, 0, false, true, '1970-01-01 00:00:01', '9999-12-31 23:59:59');
INSERT INTO `tb_paymentPolicy` (i,communityID, currencyISO, duration, duration_unit, subCost, paymentType, operator, shortCode, availableInStore, tariff, media_type, advanced_payment_seconds, after_next_sub_payment_seconds, is_default, online, start_date_time, end_date_time) VALUES (223,6,'GBP',3,'WEEKS','5'   ,'creditCard',null,''     ,true, '_3G', 'AUDIO', 0, 0, false, true, '1970-01-01 00:00:01', '9999-12-31 23:59:59');
INSERT INTO `tb_paymentPolicy` (i,communityID, currencyISO, duration, duration_unit, subCost, paymentType, operator, shortCode, availableInStore, tariff, media_type, advanced_payment_seconds, after_next_sub_payment_seconds, is_default, online, start_date_time, end_date_time) VALUES (224,7,'GBP',3,'WEEKS','4'   ,'PSMS'      ,5   ,'80988',true, '_3G', 'AUDIO', 0, 0, false, true, '1970-01-01 00:00:01', '9999-12-31 23:59:59');
INSERT INTO `tb_paymentPolicy` (i,communityID, currencyISO, duration, duration_unit, subCost, paymentType, operator, shortCode, availableInStore, tariff, media_type, advanced_payment_seconds, after_next_sub_payment_seconds, is_default, online, start_date_time, end_date_time) VALUES (225,7,'GBP',3,'WEEKS','5'   ,'PAY_PAL'   ,null,''     ,true, '_3G', 'AUDIO', 0, 0, false, true, '1970-01-01 00:00:01', '9999-12-31 23:59:59');
INSERT INTO `tb_paymentPolicy` (i,communityID, currencyISO, duration, duration_unit, subCost, paymentType, operator, shortCode, availableInStore, tariff, media_type, advanced_payment_seconds, after_next_sub_payment_seconds, is_default, online, start_date_time, end_date_time) VALUES (226,7,'GBP',3,'WEEKS','5'   ,'creditCard',null,''     ,true, '_3G', 'AUDIO', 0, 0, false, true, '1970-01-01 00:00:01', '9999-12-31 23:59:59');
INSERT INTO `tb_paymentPolicy` (i,communityID, currencyISO, duration, duration_unit, subCost, paymentType, operator, shortCode, availableInStore, tariff, media_type, advanced_payment_seconds, after_next_sub_payment_seconds, is_default, online, start_date_time, end_date_time, app_store_product_id) VALUES (227,7,'GBP',1,'MONTHS', '4.99', 'iTunesSubscription', NULL, '', TRUE, '_3G'  , 'AUDIO', 0, 0, FALSE, TRUE,'1970-01-01 00:00:01', '9999-12-31 23:59:59', 'com.musicqubed.o2.autorenew.test');
INSERT INTO `tb_paymentPolicy` (i,communityID, currencyISO, duration, duration_unit, subCost, paymentType, operator, shortCode, availableInStore, tariff, media_type, advanced_payment_seconds, after_next_sub_payment_seconds, is_default, online, start_date_time, end_date_time,provider, contract, segment) VALUES (228,7,'GBP',4,'WEEKS',5,'o2Psms'    ,null,''    , TRUE, '_3G', 'AUDIO'          , 0, 0, FALSE, TRUE, '1970-01-01 00:00:01', '9999-12-31 23:59:59','O2'    , 'PAYG', 'CONSUMER');
INSERT INTO `tb_paymentPolicy` (i,communityID, currencyISO, duration, duration_unit, subCost, paymentType, operator, shortCode, availableInStore, tariff, media_type, advanced_payment_seconds, after_next_sub_payment_seconds, is_default, online, start_date_time, end_date_time,provider, contract, segment) VALUES (229,7,'GBP',4,'WEEKS',5,'creditCard',null,''    ,true , '_3G', 'AUDIO'          , 0, 0, false, true, '1970-01-01 00:00:01', '9999-12-31 23:59:59','O2'    , 'PAYM', 'BUSINESS');
INSERT INTO `tb_paymentPolicy` (i,communityID, currencyISO, duration, duration_unit, subCost, paymentType, operator, shortCode, availableInStore, tariff, media_type, advanced_payment_seconds, after_next_sub_payment_seconds, is_default, online, start_date_time, end_date_time,provider, contract, segment) VALUES (230,7,'GBP',4,'WEEKS',5,'creditCard',null,''    ,true , '_3G', 'AUDIO'          , 0, 0, false, true, '1970-01-01 00:00:01', '9999-12-31 23:59:59','NON_O2', null  , null      );
INSERT INTO `tb_paymentPolicy` (i,communityID, currencyISO, duration, duration_unit, subCost, paymentType, operator, shortCode, availableInStore, tariff, media_type, advanced_payment_seconds, after_next_sub_payment_seconds, is_default, online, start_date_time, end_date_time,provider, contract, segment) VALUES (231,7,'GBP',4,'WEEKS',5,'vfPsms'    ,null,'3313',true , '_3G', 'AUDIO'          , 0, 0, true , true, '1970-01-01 00:00:01', '9999-12-31 23:59:59','VF'    , null  , null      );
INSERT INTO `tb_paymentPolicy` (i,communityID, currencyISO, duration, duration_unit, subCost, paymentType, operator, shortCode, availableInStore, tariff, media_type, advanced_payment_seconds, after_next_sub_payment_seconds, is_default, online, start_date_time, end_date_time,provider, contract, segment) VALUES (232,7,'GBP',4,'WEEKS',5,'o2Psms'    ,null,''    ,true , '_3G', 'AUDIO'          , 0, 0, true , true, '1970-01-01 00:00:01', '9999-12-31 23:59:59','O2'    , 'PAYM', 'CONSUMER');
INSERT INTO `tb_paymentPolicy` (i,communityID, currencyISO, duration, duration_unit, subCost, paymentType, operator, shortCode, availableInStore, tariff, media_type, advanced_payment_seconds, after_next_sub_payment_seconds, is_default, online, start_date_time, end_date_time,provider, contract, segment) VALUES (233,7,'GBP',4,'WEEKS',5,'o2Psms'    ,null,''    ,true , '_4G', 'VIDEO_AND_AUDIO', 0, 0, true , true, '1970-01-01 00:00:01', '9999-12-31 23:59:59','O2'    , 'PAYM', 'CONSUMER');
INSERT INTO `tb_paymentPolicy` (i,communityID, currencyISO, duration, duration_unit, subCost, paymentType, operator, shortCode, availableInStore, tariff, media_type, advanced_payment_seconds, after_next_sub_payment_seconds, is_default, online, start_date_time, end_date_time, app_store_product_id) VALUES (234,10,'GBP',1,'MONTHS', '4.99', 'iTunesSubscription', NULL, '', TRUE, '_3G'  , 'AUDIO', 0, 0, FALSE, TRUE,'1970-01-01 00:00:01', '9999-12-31 23:59:59', 'com.musicqubed.ios.mp.subscription.weekly.1');
insert into tb_userStatus(i, name) values (4,'EULA'), (10,'SUBSCRIBED'), (11,'LIMITED');

INSERT INTO `tb_paymentDetails` (`paymentType`, `i`, `creationTimestampMillis`, `descriptionError`, `disableTimestampMillis`, `lastPaymentStatus`, made_attempts, `madeRetries`, `VPSTxId`, `released`, `securityKey`, `txAuthNo`, `vendorTxCode`, `paymentPolicyId`, `retriesOnError`, `billingAgreementTxId`, `migPhoneNumber`, `activated`) VALUES ('migSms',1,1327064976924,NULL,0,'NONE',0,0,NULL,NULL,NULL,NULL,NULL,9,3,NULL,'MIG00VU.00447585927650',true);
INSERT INTO `tb_paymentDetails` (`paymentType`, `i`, `creationTimestampMillis`, `descriptionError`, `disableTimestampMillis`, `lastPaymentStatus`, made_attempts, `madeRetries`, `VPSTxId`, `released`, `securityKey`, `txAuthNo`, `vendorTxCode`, `paymentPolicyId`, `retriesOnError`, `billingAgreementTxId`, `migPhoneNumber`, `activated`) VALUES ('sagePayCreditCard',2,1329739124478,NULL,0,'NONE',0,0,'{D2C83F10-ED98-6F3E-217F-B68A725AB5EE}',true,'MWOGZRQYL3','438363','1402ea47-84a5-4df3-ac5f-357530dd75da',8,3,NULL,NULL,true);
INSERT INTO `tb_paymentDetails` (`paymentType`, `i`, `creationTimestampMillis`, `descriptionError`, `disableTimestampMillis`, `lastPaymentStatus`, made_attempts, `madeRetries`, `VPSTxId`, `released`, `securityKey`, `txAuthNo`, `vendorTxCode`, `paymentPolicyId`, `retriesOnError`, `billingAgreementTxId`, `migPhoneNumber`, `activated`) VALUES ('payPal',3,1329913920574,NULL,0,'NONE',0,0,NULL,NULL,NULL,NULL,NULL,189,3,'B-5E636475RN881415K',NULL,true);
INSERT INTO `tb_paymentDetails` (`paymentType`, `i`, `creationTimestampMillis`, `descriptionError`, `disableTimestampMillis`, `lastPaymentStatus`, made_attempts, `madeRetries`, `VPSTxId`, `released`, `securityKey`, `txAuthNo`, `vendorTxCode`, `paymentPolicyId`, `retriesOnError`, `billingAgreementTxId`, `migPhoneNumber`, `activated`, phone_number) VALUES ('o2Psms',4,1329913920574,NULL,0,'NONE',0,0,NULL,NULL,NULL,NULL,NULL,228,3,NULL,NULL,true,'+447111111114');
INSERT INTO `tb_paymentDetails` (`paymentType`, `i`, `creationTimestampMillis`, `descriptionError`, `disableTimestampMillis`, `lastPaymentStatus`, made_attempts, `madeRetries`, `VPSTxId`, `released`, `securityKey`, `txAuthNo`, `vendorTxCode`, `paymentPolicyId`, `retriesOnError`, `billingAgreementTxId`, `migPhoneNumber`, `activated`, phone_number) VALUES ('vfPsms',5,1329913920574,NULL,0,'NONE',0,0,NULL,NULL,NULL,NULL,NULL,231,3,NULL,NULL,true,'+642111111111');

INSERT INTO `tb_users` (`i`, `displayName`, `title`, `firstName`, `lastName`, `userName`, `subBalance`, `token`, `status`, `deviceType`, `device`, `userGroup`, `userType`, `lastDeviceLogin`, `lastWebLogin`, `nextSubPayment`, `lastPaymentTx`, `Address1`, `Address2`, `City`, `Postcode`, `Country`, `mobile`, `code` , `sessionID`, `ipAddress`, `tempToken`, `deviceString`, `canContact` , `paymentType`, `operator`, `pin`, `paymentStatus` , `numPsmsRetries`, `facebookId`, `lastSuccessfulPaymentTimeMillis`, `currentPaymentDetailsId`, lastSuccesfullPaymentSmsSendingTimestampMillis, amountOfMoneyToUserNotification, tariff) VALUES (1,'Nigel','','','','test@test.com',0,'f701af8d07e5c95d3f5cf3bd9a62344d',4,2,'',5,0,1321013394,0,1321013394,0,'','','','',1,'07585927650','35bbf6604b4c97bc10d2d5405e57d8ed','','10.20.30.104','','',0,NULL,1,'',0,0,NULL,1329915072178,1, 0, 0, '_3G');
insert into tb_users (userName, userGroup, facebookId, subBalance, nextSubPayment, token, status, device, deviceType, deviceString, deviceUID, lastDeviceLogin, lastWebLogin, mobile, tempToken, operator, pin, lastSuccessfulPaymentTimeMillis, amountOfMoneyToUserNotification, canContact, lastPaymentTx, lastSuccesfullPaymentSmsSendingTimestampMillis, numPsmsRetries, paymentStatus, Country, tariff) values ('+447111111111', 7, null, 0, '1988143200', 'f701af8d07e5c95d3f5cf3bd9a62344d', 10, '', 5, 'IOS', 'b88106713409e92622461a876abcd74c', 1893448800, 1893448800, '+447111111111', 'f701af8d07e5c95d3f5cf3bd9a62344d', 1, null, 1893448800000, 0, false, 0, 0, 0, 2, 1, '_3G'), ('imei_351722057812749', 7, null, 0, '1988143200', 'f701af8d07e5c95d3f5cf3bd9a62344d', 10, '', 2, 'ANDROID', 'imei_351722057812749', 1893448800, 1893448800, '+447111111111', 'f701af8d07e5c95d3f5cf3bd9a62344d', 1, null, 1893448800000, 0, false, 0, 0, 0, 2, 1, '_3G'), ('imei_351722057812748', 7, null, 0, '1988143200', 'f701af8d07e5c95d3f5cf3bd9a62344d', 10, '', 2, 'ANDROID', 'imei_351722057812748', 1893448800, 1893448800, '+447222222222', 'f701af8d07e5c95d3f5cf3bd9a62344d', 1, null, 1893448800000, 0, false, 0, 0, 0, 2, 1, '_3G'),('+447733333333', 7, null, 0, '1988143200', 'd125251635beb25061e6afecafc1c41e', 10, '', 5, 'IOS', '8a72f8864fd5c23957beef9d99656568_1', 1893448800, 1893448800, '+447733333333', 'f701af8d07e5c95d3f5cf3bd9a62344d', 1, null, 1893448800000, 0, false, 0, 0, 0, 2, 1, '_3G'),('+447766666666', 7, null, 0, '1988143200', 'd125251635beb25061e6afecafc1c41e', 10, '', 5, 'IOS', '9a72f8864fd5c23957beef9d99656568_2', 1893448800, 1893448800, '+447788888888', 'f701af8d07e5c95d3f5cf3bd9a62344d', 1, null, 1893448800000, 0, false, 0, 0, 0, 2, 1, '_3G');
insert into tb_users (i, userName, userGroup, provider, contract, facebookId, subBalance, nextSubPayment, token, status, device, deviceType, deviceString, deviceUID, lastDeviceLogin, lastWebLogin, mobile, tempToken, operator, pin, lastSuccessfulPaymentTimeMillis, amountOfMoneyToUserNotification, canContact, lastPaymentTx, lastSuccesfullPaymentSmsSendingTimestampMillis, numPsmsRetries, paymentStatus, Country, tariff) values (101, '+447111111112', 7, 'O2', 'PAYG', null, 0, '1988143200', 'f701af8d07e5c95d3f5cf3bd9a62344d', 10, '', 5, 'IOS', 'b88106713409e92622461a876abcd74g', 1893448800, 1893448800, '+447111111111', 'f701af8d07e5c95d3f5cf3bd9a62344d', 1, null, 1893448800000, 0, false, 0, 0, 0, 2, 1, '_3G');
insert into tb_users (i, userName, userGroup, provider, contract, facebookId, subBalance, nextSubPayment, token, status, device, deviceType, deviceString, deviceUID, lastDeviceLogin, lastWebLogin, mobile, tempToken, operator, pin, lastSuccessfulPaymentTimeMillis, amountOfMoneyToUserNotification, canContact, lastPaymentTx, lastSuccesfullPaymentSmsSendingTimestampMillis, numPsmsRetries, paymentStatus, Country, tariff) values (102, '+447111111113', 7, 'O2', 'PAYM', null, 0, '1988143200', 'f701af8d07e5c95d3f5cf3bd9a62344d', 10, '', 5, 'IOS', 'b88106713409e92622461a876abcd74a', 1893448800, 1893448800, '+447111111111', 'f701af8d07e5c95d3f5cf3bd9a62344d', 1, null, 1893448800000, 0, false, 0, 0, 0, 2, 1, '_3G');
insert into tb_users (i, userName, userGroup, provider, segment, contract, facebookId, subBalance, nextSubPayment, token, status, device, deviceType, deviceString, deviceUID, lastDeviceLogin, lastWebLogin, mobile, tempToken, operator, pin, lastSuccessfulPaymentTimeMillis, amountOfMoneyToUserNotification, canContact, lastPaymentTx, lastSuccesfullPaymentSmsSendingTimestampMillis, numPsmsRetries, paymentStatus, Country, video_free_trial_has_been_activated, tariff, activation_status) values (103, '+447111111114', 7, 'O2', 'CONSUMER', 'PAYM', null, 0, '1988143200', 'f701af8d07e5c95d3f5cf3bd9a62344d', 10, '', 5, 'IOS', 'b88106713409e92622461a876abcd74b', 1893448800, 1893448800, '+447111111114', 'f701af8d07e5c95d3f5cf3bd9a62344d', 1, null, 1893448800000, 0, false, 0, 0, 0, 2, 1, false,'_3G','ACTIVATED');
insert into tb_users (i, userName, userGroup, provider, contract, facebookId, subBalance, nextSubPayment, token, status, device, deviceType, deviceString, deviceUID, lastDeviceLogin, lastWebLogin, mobile, tempToken, operator, pin, lastSuccessfulPaymentTimeMillis, amountOfMoneyToUserNotification, canContact, lastPaymentTx, lastSuccesfullPaymentSmsSendingTimestampMillis, numPsmsRetries, paymentStatus, Country, tariff, activation_status) values (107, 'b88106713409e92622461a876abcd74a444', 7, null, 'PAYM', null, 0, '1988143200', 'f701af8d07e5c95d3f5cf3bd9a62344d', 10, '', 5, 'IOS', 'b88106713409e92622461a876abcd74a444', 1893448800, 1893448800, '+447111111111', 'f701af8d07e5c95d3f5cf3bd9a62344d', 1, null, 1893448800000, 0, false, 0, 0, 0, 2, 1, '_3G', 'REGISTERED');
insert into tb_users (i, userName, userGroup, provider, segment, contract, facebookId, subBalance, nextSubPayment, token, status, device, deviceType, deviceString, deviceUID, lastDeviceLogin, lastWebLogin, mobile, tempToken, operator, pin, lastSuccessfulPaymentTimeMillis, amountOfMoneyToUserNotification, canContact, lastPaymentTx, lastSuccesfullPaymentSmsSendingTimestampMillis, numPsmsRetries, paymentStatus, Country, video_free_trial_has_been_activated, tariff, activation_status) values (108, 'b88106713409e92622461a876abcd74b444', 7, null, 'CONSUMER', 'PAYM', null, 0, '1988143200', 'f701af8d07e5c95d3f5cf3bd9a62344d', 10, '', 5, 'IOS', 'b88106713409e92622461a876abcd74b444', 1893448800, 1893448800, '+447111111111', 'f701af8d07e5c95d3f5cf3bd9a62344d', 1, null, 1893448800000, 0, false, 0, 0, 0, 2, 1, false,'_3G', 'REGISTERED');

insert into tb_users (i, userName, userGroup, provider, contract, facebookId, subBalance, nextSubPayment, token, status, device, deviceType, deviceString, deviceUID, lastDeviceLogin, lastWebLogin, mobile, tempToken, operator, pin, lastSuccessfulPaymentTimeMillis, amountOfMoneyToUserNotification, canContact, lastPaymentTx, lastSuccesfullPaymentSmsSendingTimestampMillis, numPsmsRetries, paymentStatus, Country, video_free_trial_has_been_activated, tariff, activation_status) values (104, 'b88106713409e92622461a876abcd74b', 8, null, null, null, 0, 1321013394, 'f701af8d07e5c95d3f5cf3bd9a62344d', 11, '', 5, 'IOS', 'b88106713409e92622461a876abcd74b', 1893448800, 1893448800, '+642102247311', 'f701af8d07e5c95d3f5cf3bd9a62344d', 1, null, 1893448800000, 0, false, 0, 0, 0, 2, 1, false, '_3G', 'REGISTERED');
insert into tb_users (i, userName, userGroup, provider, contract, facebookId, subBalance, nextSubPayment, token, status, device, deviceType, deviceString, deviceUID, lastDeviceLogin, lastWebLogin, mobile, tempToken, operator, pin, lastSuccessfulPaymentTimeMillis, amountOfMoneyToUserNotification, canContact, lastPaymentTx, lastSuccesfullPaymentSmsSendingTimestampMillis, numPsmsRetries, paymentStatus, Country, video_free_trial_has_been_activated, tariff, activation_status) values (105, '+642102247311', 8, 'VF', null, null, 0, 1321013394, 'f701af8d07e5c95d3f5cf3bd9a62344d', 11, '', 5, 'IOS', 'b88106713409e92622461a876abcd74b_disabled_at_1321013394', 1893448800, 1893448800, '+642102247311', 'f701af8d07e5c95d3f5cf3bd9a62344d', 1, null, 1893448800000, 0, false, 0, 0, 0, 2, 1, false, '_3G', 'ACTIVATED');
insert into tb_users (i, userName, userGroup, provider, contract, facebookId, subBalance, nextSubPayment, token, status, device, deviceType, deviceString, deviceUID, lastDeviceLogin, lastWebLogin, mobile, tempToken, operator, pin, lastSuccessfulPaymentTimeMillis, amountOfMoneyToUserNotification, canContact, lastPaymentTx, lastSuccesfullPaymentSmsSendingTimestampMillis, numPsmsRetries, paymentStatus, Country, video_free_trial_has_been_activated, tariff, activation_status) values (106, 'b88106713409e92622461a876abcd74a', 8, null, null, null, 0, 1321013394, 'f701af8d07e5c95d3f5cf3bd9a62344d', 11, '', 5, 'IOS', 'b88106713409e92622461a876abcd74a', 1893448800, 1893448800, '+64279000456', 'f701af8d07e5c95d3f5cf3bd9a62344a', 1, null, 1893448800000, 0, false, 0, 0, 0, 2, 1, false, '_3G', 'REGISTERED');
insert into tb_users (i, userName, userGroup, provider, contract, facebookId, subBalance, nextSubPayment, token, status, device, deviceType, deviceString, deviceUID, lastDeviceLogin, lastWebLogin, mobile, tempToken, operator, pin, lastSuccessfulPaymentTimeMillis, amountOfMoneyToUserNotification, canContact, lastPaymentTx, lastSuccesfullPaymentSmsSendingTimestampMillis, numPsmsRetries, paymentStatus, Country, video_free_trial_has_been_activated, tariff, activation_status) values (110, '+642102247312', 8, 'VF', null, null, 0, 1321013394, 'f701af8d07e5c95d3f5cf3bd9a62344d', 11, '', 5, 'IOS', 'b88106713409e92622461a876abcd74b1111', 1893448800, 1893448800, '+642102247312', 'f701af8d07e5c95d3f5cf3bd9a62344d', 1, null, 1893448800000, 0, false, 0, 0, 0, 2, 1, false, '_3G', 'ACTIVATED');

insert into promoted_devices (deviceUID, community_id) values ('zzz@z.com', 5);

insert into auto_opt_in_exempt_ph_number values('+447111111111');


--  create default model for hl_uk community
set @communityid = (select id from tb_communities where name='hl_uk');
set @behaviorconfigid = 1 + (select coalesce(max(id), 0) from behavior_config);

insert into behavior_config (id, community_id, type, required_referrals, referrals_duration, referrals_duration_type) values (@behaviorconfigid, @communityid, 'DEFAULT', 5, -1, 'DAYS');
insert into community_config (community_id, behavior_config_id) values (@communityid, @behaviorconfigid);

insert into content_user_status_behavior (id, behavior_config_id, user_status_type, are_favorites_off, are_ads_off) values (1, @behaviorconfigid, 'FREE_TRIAL', 0, 1);
insert into content_user_status_behavior (id, behavior_config_id, user_status_type, are_favorites_off, are_ads_off) values (2, @behaviorconfigid, 'SUBSCRIBED', 0, 1);
insert into content_user_status_behavior (id, behavior_config_id, user_status_type, are_favorites_off, are_ads_off) values (3, @behaviorconfigid, 'LIMITED',    1, 0);

set @chartbehaviorid = 1 + (select coalesce(max(id), 0) from chart_behavior);
insert into chart_behavior (id, behavior_config_id, type, max_tracks, skip_tracks, play_tracks_seconds, is_offline) values (@chartbehaviorid, @behaviorconfigid, 'NORMAL', -1, -1, -1,  1);
insert into chart_user_status_behavior (id, chart_id, chart_behavior_id, user_status_type) (select (100+chart_id) as id, chart_id, @chartbehaviorid, 'SUBSCRIBED' from community_charts where community_id=@communityid) union (select (200+chart_id) as id, chart_id, @chartbehaviorid, 'FREE_TRIAL' from community_charts where community_id=@communityid);

set @chartbehaviorid = 1 + @chartbehaviorid;
insert into chart_behavior (id, behavior_config_id, type, max_tracks, skip_tracks, play_tracks_seconds, is_offline) values (@chartbehaviorid, @behaviorconfigid, 'PREVIEW', -1, -1, 30, 1);
insert into chart_user_status_behavior (id, chart_id, chart_behavior_id, user_status_type) (select (300+chart_id) as id, chart_id, @chartbehaviorid, 'LIMITED' from community_charts where community_id=@communityid);

set @chartbehaviorid = 1 + @chartbehaviorid;
insert into chart_behavior (id, behavior_config_id, type, max_tracks, skip_tracks, play_tracks_seconds, is_offline) values (@chartbehaviorid, @behaviorconfigid, 'SHUFFLED', -1, -1, -1, 0);

--  create freemium model for hl_uk community
set @behaviorconfigid = 1 + (select coalesce(max(id), 0) from behavior_config);

insert into behavior_config (id, community_id, type, required_referrals, referrals_duration, referrals_duration_type) values (@behaviorconfigid, @communityid, 'FREEMIUM', 1, 1, 'MONTHS');

insert into content_user_status_behavior (id, behavior_config_id, user_status_type, are_favorites_off, are_ads_off) values (4, @behaviorconfigid, 'FREE_TRIAL', 0, 1);
insert into content_user_status_behavior (id, behavior_config_id, user_status_type, are_favorites_off, are_ads_off) values (5, @behaviorconfigid, 'SUBSCRIBED', 0, 1);
insert into content_user_status_behavior (id, behavior_config_id, user_status_type, are_favorites_off, are_ads_off) values (6, @behaviorconfigid, 'LIMITED',    1, 0);

set @chartbehaviorid = 1 + (select coalesce(max(id), 0) from chart_behavior);
insert into chart_behavior (id, behavior_config_id, type, max_tracks, skip_tracks, play_tracks_seconds, is_offline) values (@chartbehaviorid, @behaviorconfigid, 'NORMAL', -1, -1, -1, 1);
insert into chart_user_status_behavior (id, chart_id, chart_behavior_id, user_status_type) (select (400+chart_id) as id, chart_id, @chartbehaviorid, 'SUBSCRIBED' from community_charts where community_id=@communityid) union (select (500+chart_id) as id, chart_id, @chartbehaviorid, 'FREE_TRIAL' from community_charts where community_id=@communityid);

set @chartbehaviorid = 1 + @chartbehaviorid;
insert into chart_behavior (id, behavior_config_id, type, max_tracks, skip_tracks, play_tracks_seconds, is_offline) values (@chartbehaviorid, @behaviorconfigid, 'PREVIEW', -1, -1, 30, 1);
insert into chart_user_status_behavior (id, chart_id, chart_behavior_id, user_status_type) (select (600+chart_id) as id, chart_id, @chartbehaviorid, 'LIMITED' from community_charts where community_id=@communityid);

set @chartbehaviorid = 1 +  @chartbehaviorid;
insert into chart_behavior (id, behavior_config_id, type, max_tracks, skip_tracks, play_tracks_seconds, is_offline) values (@chartbehaviorid, @behaviorconfigid, 'SHUFFLED', -1, -1, -1, 0);

insert into tb_paymentPolicy (communityID, 	subCost, paymentType,          operator, shortCode, currencyIso, availableInStore, app_store_product_id,                contract, segment, content_category, content_type, content_description, sub_merchant_id, provider, tariff, media_type, advanced_payment_seconds, after_next_sub_payment_seconds, is_default, online,  start_date_time, end_date_time, payment_policy_type, duration, duration_unit) values (@communityid,       1.49, 'iTunesSubscription',     NULL,        '',       'GBP',            FALSE, 'com.musicqubed.ios.hl-uk.onetime.0',     NULL,    NULL,             NULL,         NULL,                NULL,            NULL,     null,  '_3G',    'AUDIO',                        0,                              0,      FALSE,   TRUE, '1970-01-01 00:00:01', '9999-12-31 23:59:59',          'ONETIME',        7,        'DAYS');

