insert into tb_appVersions 
(i, description              , name) values 
(1, 'Development Environment', 'CBEMA'), 
(2, 'Commercial Beta'        , 'CNBETA');

INSERT INTO tb_communities 
(i, name               , appVersion, communityTypeID, displayName                    , assetName      , rewriteURLParameter) VALUES 
(3,'CN Commercial Beta',1          ,3               ,'Charts Now'                    ,'Charts Now'    ,'ChartsNow'),
(4,'Metal Hammer'      ,1          ,4               ,'Metal Hammer'                  ,'Metal Hammer'  ,'MetalHammer'),
(5,'Now Music'         ,1          ,5               ,'NOW! Official Top 40 Chart App','Now Music'     ,'nowtop40'),
(6,'Samsung'           ,1          ,6               ,'Samsung'                       ,'samsung'       ,'samsung'),
(7,'runningtrax'       ,1          ,7               ,'Running Trax'                  ,'runningtrax'   ,'runningtrax'),
(8,'OCC'               ,1          ,8               ,'OCC'                           ,'occ'           ,'occ');

INSERT INTO `tb_deviceTypes` 
(i,name) VALUES  
(1,'NONE'),
(2,'ANDROID'),
(3,'J2ME'),
(4,'BLACKBERRY'),
(5,'IOS'),
(6,'SYMBIAN');

INSERT INTO tb_country  
(i, name   ,fullName) VALUES
(1,'GB'    ,'Great Britain'),
(2,'UA'    ,'Ukraine'),
(3,'KR'    ,'South Korea'),
(4,'FR'    ,'France');

INSERT INTO `tb_apps` 
(i , model           , jad                                                                                            , jar                , appType, communityID) VALUES 
(9 ,'a8181'          ,'chartsnow_CN.apk'                                                                              ,''                  ,1       ,1),
(10,'Nexus S'        ,'chartsnow_CN.apk'                                                                              ,''                  ,1       ,1),
(11,'Wildfire S'     ,'chartsnow_CN.apk'                                                                              ,''                  ,1       ,1),
(12,'S510e'          ,'chartsnow_CN.apk'                                                                              ,''                  ,1       ,1),
(13,'Desire HD'      ,'chartsnow_CN.apk'                                                                              ,''                  ,1       ,1),
(14,'GT-I9100'       ,'chartsnow_CN.apk'                                                                              ,''                  ,1       ,1),
(15,'BlackBerry 8520','CN_ChartsNow.jad'                                                                              ,'CN_ChartsNow.cod'  ,2       ,1),
(16,'BlackBerry 9300','CN_ChartsNow.jad'                                                                              ,'CN_ChartsNow.cod'  ,2       ,1),
(17,'BlackBerry 9700','CN_ChartsNow.jad'                                                                              ,'CN_ChartsNow.cod'  ,2       ,1),
(18,'BlackBerry 9780','CN_ChartsNow.jad'                                                                              ,'CN_ChartsNow.cod'  ,2       ,1),
(19,'a8181'          ,'chartsnow_CN.apk'                                                                              ,''                  ,1       ,2),
(20,'Nexus S'        ,'chartsnow_CN.apk'                                                                              ,''                  ,1       ,2),
(21,'Wildfire S'     ,'chartsnow_CN.apk'                                                                              ,''                  ,1       ,2),
(22,'S510e'          ,'chartsnow_CN.apk'                                                                              ,''                  ,1       ,2),
(23,'Desire HD'      ,'chartsnow_CN.apk'                                                                              ,''                  ,1       ,2),
(24,'GT-I9100'       ,'chartsnow_CN.apk'                                                                              ,''                  ,1       ,2),
(25,'BlackBerry 8520','CN_ChartsNow.jad'                                                                              ,'CN_ChartsNow.cod'  ,2       ,2),
(26,'BlackBerry 9300','CN_ChartsNow.jad'                                                                              ,'CN_ChartsNow.cod'  ,2       ,2),
(27,'BlackBerry 9700','CN_ChartsNow.jad'                                                                              ,'CN_ChartsNow.cod'  ,2       ,2),
(28,'BlackBerry 9780','CN_ChartsNow.jad'                                                                              ,'CN_ChartsNow.cod'  ,2       ,2),
(29,'a8181'          ,'chartsnow_CN.apk'                                                                              ,''                  ,1       ,3),
(30,'Nexus S'        ,'chartsnow_CN.apk'                                                                              ,''                  ,1       ,3),
(31,'Wildfire S'     ,'chartsnow_CN.apk'                                                                              ,''                  ,1       ,3),
(32,'S510e'          ,'chartsnow_CN.apk'                                                                              ,''                  ,1       ,3),
(33,'Desire HD'      ,'chartsnow_CN.apk'                                                                              ,''                  ,1       ,3),
(34,'GT-I9100'       ,'chartsnow_CN.apk'                                                                              ,''                  ,1       ,3),
(35,'BlackBerry 8520','CN_ChartsNow.jad'                                                                              ,'CN_ChartsNow.cod'  ,2       ,3),
(36,'BlackBerry 9300','CN_ChartsNow.jad'                                                                              ,'CN_ChartsNow.cod'  ,2       ,3),
(37,'BlackBerry 9700','CN_ChartsNow.jad'                                                                              ,'CN_ChartsNow.cod'  ,2       ,3),
(38,'BlackBerry 9780','CN_ChartsNow.jad'                                                                              ,'CN_ChartsNow.cod'  ,2       ,3),
(45,'BlackBerry 8520','CN_MetalHammer.jad'                                                                            ,'CN_MetalHammer.cod',2       ,4),
(46,'BlackBerry 9300','CN_MetalHammer.jad'                                                                            ,'CN_MetalHammer.cod',2       ,4),
(47,'BlackBerry 9700','CN_MetalHammer.jad'                                                                            ,'CN_MetalHammer.cod',2       ,4),
(48,'BlackBerry 9780','CN_MetalHammer.jad'                                                                            ,'CN_MetalHammer.cod',2       ,4),
(59,'iPhone'         ,'http://itunes.apple.com/WebObjects/MZStore.woa/wa/viewSoftware?id=471961081&mt=8'              ,''                  ,4       ,5),
(60,'Android'        ,'market://details?id=mobi.chartsnow.chartsnow'                                                  ,''                  ,4       ,4),
(61,'Android'        ,'market://details?id=mobi.chartsnow.now'                                                        ,''                  ,4       ,5),
(62,'GT-S5830'       ,'chartsnow_CN.apk'                                                                              ,''                  ,1       ,3),
(63,'Samsung'        ,'{\"result\":{\"successful\":\"true\", \"url\":\"market://details?id=mobi.chartsnow.samsung\"}}',''                  ,5       ,6);

INSERT INTO tb_appVersionCountry 
(id, appVersion_id, country_id) VALUES 
(1 ,1             ,1),
(2 ,1             ,2),
(3 ,1             ,3),
(4 ,1             ,4),
(5 ,2             ,1),
(6 ,2             ,2),
(7 ,2             ,3),
(8 ,2             ,4);

INSERT INTO tb_genres 
(i , name) VALUES 
(1 ,'Default'),
(2 ,'Metal'),
(3 ,'Pop'),
(4 ,'Jazz'),
(5 ,'Rock'),
(6 ,'Metal/Hard Rock'),
(7 ,'Alternative'),
(8 ,'Dance'),
(9 ,'Hip Hop'),
(10,'Hip Hop/Rap'),
(11,'Soundtrack'),
(12,'Alternative Rock'),
(13,'Singer/Songwriter'),
(14,'Rap'),
(15,'RnB'),
(16,'R n B'),
(17,'Holiday'),
(18,'R & B'),
(19,'R  B'),
(20,'RB'),
(21,'Classical'),
(22,'Soul'),
(23,'Rap/Hip Hop'),
(24,'Electronic'),
(25,'Easy Listening'),
(26,'Hard Rock'),
(27,'Christian'),
(28,'Alternative/Indie'),
(29,'Folk'),
(30,'RB/Soul'),
(31,'Thrash Metal'),
(32,'Urban'),
(33,'Gospel'),
(34,'Country'),
(35,'Rap/Hip-Hop');

insert into tb_fileTypes 
(i,name) values 
(1,'Header'),
(2,'Audio') ,
(3,'Image');

INSERT INTO tb_labels 
(i ,name) VALUES 
(59,'')                              ,
(10,'3 BEAT/AATW')                   ,
(34,'Asylum Records')                ,
(21,'ASYLUM/BIG BEAT')               ,
(3 ,'Atlantic')                      ,
(33,'Beluga Heights')                ,
(42,'Breakbeat Kaos')                ,
(53,'CANDLELIGHT')                   ,
(12,'CAPITOL')                       ,
(25,'CASH MONEY/ISLAND')             ,
(2 ,'Columbia')                      ,
(41,'Conehead Records')              ,
(32,'Data Records')                  ,
(16,'DEF JAM')                       ,
(56,'EAGLE ROCK')                    ,
(7 ,'ELEKTRA')                       ,
(48,'EMI')                           ,
(8 ,'EPIC')                          ,
(37,'Game, Shady, Interscope')       ,
(44,'Geffen')                        ,
(69,'Global Talent')                 ,
(65,'Independent')                   ,
(52,'Inside Out')                    ,
(9 ,'INTERSCOPE')                    ,
(18,'ISLAND')                        ,
(45,'Island Def Jam')                ,
(68,'Island Records')                ,
(17,'ISLAND/LAVA')                   ,
(6 ,'J')                             ,
(39,'Jive')                          ,
(24,'LEVELS/MINISTRY OF SOUND')      ,
(22,'MERCURY')                       ,
(35,'Mercury Records')               ,
(71,'Mercury Records Limited')       ,
(30,'Ministry Of Sound')             ,
(20,'MOST RADICALIST BLACK/POLYDOR') ,
(23,'MTA')                           ,
(49,'NUCLEAR BLAST')                 ,
(70,'Parkwood Entertainment/Columbi'),
(46,'Parlophone')                    ,
(50,'PEACEVILLE')                    ,
(63,'PIAS')                          ,
(13,'POLYDOR')                       ,
(15,'POSITIVA/VIRGIN')               ,
(31,'Ramen Records')                 ,
(54,'RISE')                          ,
(47,'ROADRUNNER')                    ,
(67,'ROC-A-FELLA')                   ,
(51,'SEASON OF MIST')                ,
(58,'Shine TV Ltd')                  ,
(64,'Sony')                          ,
(11,'SONY MUSIC')                    ,
(43,'Sony RCA')                      ,
(62,'Sour Mash')                     ,
(36,'Startime International')        ,
(4 ,'Takeover Entertainment')        ,
(55,'TEEPEE')                        ,
(26,'TEN')                           ,
(1 ,'TEST')                          ,
(28,'Ultra Records')                 ,
(29,'Universal')                     ,
(61,'Universal Music')               ,
(38,'Universal Republic')            ,
(14,'VIRGIN')                        ,
(5 ,'Virgin Records')                ,
(57,'Warner')                        ,
(27,'WARNER BROS')                   ,
(66,'WARNER MUSIC')                  ,
(60,'Warners')                       ,
(40,'XL')                            ,
(19,'XL RECORDINGS');

INSERT INTO tb_charts 
(i, name           , numTracks, community, genre, timestamp , numBonusTracks) VALUES 
(3,'ChartsNow Chart',21       , 3         ,1    , 1346672701, 6) ,
(4,'The Heavy List' ,21       , 4         ,1    , 1346154301, 6) ,
(5,'Now Music Chart',21       , 5         ,1    , 1345242601, 6) ,
(6,'Samsung'        ,21       , 6         ,1    , 1347921001, 6),
(7,'Running Trax'   ,21       , 7         ,1    , 1347442201, 6),
(8,'occ'            ,21       , 8         ,1    , 1347442201, 6);

INSERT INTO tb_news 
(i, name           , numEntries, community, timestamp) VALUES 
(3,'ChartsNow News',10         ,3         ,1341516266),
(4,'The Heavy List',10         ,4         ,1347872980),
(5,'Now Music'     ,10         ,5         ,1339602439),
(6,'Samsung'       ,10         ,6         ,1341515689),
(7,'Running Trax'  ,10         ,7         ,1345126209),
(8,'occ'           ,10         ,8         ,1345126209);

INSERT INTO tb_mediaLogTypes
(i, name) VALUES 
(1,'DOWNLOAD'),
(2,'PURCHASE'),
(3,'DOWNLOAD_ORIGINAL');

insert into tb_drmTypes 
(i, name) values 
(1,'PLAYS'),
(2,'TIME') ,
(3,'PURCHASED');

INSERT INTO tb_drmPolicy 
(i, name                , drmType, drmValue, community) VALUES 
(3,'ChartsNow Policy'   ,1       ,100      ,3),
(4,'Heavy Policy'       ,1       ,100      ,4),
(5,'Now Policy'         ,1       ,100      ,4),
(6,'Samsung Policy'     ,1       ,100      ,6),
(7,'Running Trax Policy',1       ,100      ,7),
(8,'occ Policy'         ,1       ,100      ,8);

INSERT INTO tb_userGroups 
(i, name                , community, chart, news, drmPolicy) VALUES 
(3,'ChartsNow Group'    ,3         ,3     ,3    ,3),
(4,'Heavy Group'        ,4         ,4     ,4    ,4),
(5,'Now Group'          ,5         ,5     ,5    ,5),
(6,'Samsung Group'      ,6         ,6     ,6    ,6),
(7,'Running Trax Group' ,7         ,7     ,7    ,7),
(8,'occ Group'          ,8         ,8     ,8    ,8);

INSERT INTO tb_operators 
(i ,name          , migName) VALUES 
(1 ,'Orange UK'   ,'MIG01OU'),
(2 ,'Vodafone UK' ,'MIG00VU'),
(3 ,'O2 UK'       ,'MIG01XU'),
(4 ,'T-Mobile UK' ,'MIG01TU'),
(5 ,'Three UK'    ,'MIG01HU'),
(6 ,'ASDA Mobile' ,'MIG00VU'),
(7 ,'BT'          ,'MIG00VU'),
(8 ,'Giffgaff'    ,'MIG01XU'),
(9 ,'IDT Mobile'  ,'MIG01OU'),
(10,'Talk Mobile' ,'MIG00VU'),
(11,'TalkTalk'    ,'MIG00VU'),
(12,'Tesco Mobile','MIG01XU');

INSERT INTO tb_paymentStatus 
(id,name) VALUES 
(1 ,'NULL'),
(2 ,'OK'),
(3 ,'AWAITING_PSMS'),
(4 ,'PSMS_ERROR'),
(5 ,'PIN_PENDING'),
(6 ,'AWAITING_PAYMENT'),
(7 ,'AWAITING_PAY_PAL'),
(8 ,'PAY_PAL_ERROR');

INSERT INTO filters 
(id, name) VALUES 
(1 , 'LAST_TRIAL_DAY')                                  ,
(2 , 'NOT_ACTIVE_PAYMENT_DETAILS_OR_NO_PAYMENT_DETAILS'), 
(3 , 'FREE_TRIAL')                                      , 
(4 , 'PAYMENT_ERROR')                                   , 
(5 , 'LIMITED_AFTER_TRIAL')                             , 
(6 , 'LIMITED')                                         , 
(7 , 'ONE_MONTH_PROMO')                                 , 
(8 , 'ANDROID')                                         , 
(9 , 'BLACKBERRY')                                      , 
(10, 'IOS')                                             , 
(11, 'J2ME');

INSERT INTO tb_promotions
(i , description                                                                              , numUsers, maxUsers, startDate, endDate   , isActive, freeWeeks, subWeeks, userGroup, type        , showPromotion, label) VALUES
(1 ,'ChartsNow Regular Promotion'                                                             , 0       ,0        ,0         , 1655270400,true     ,2         ,0        ,3         ,'noPromoCode',true          ,NULL), 
(2 ,'ChartsNow Potentail PromoCode Promotion'                                                 , 0       ,0        ,0         , 1655270400,true     ,2         ,0        ,3         ,'PromoCode'  ,true          ,NULL),
(3 ,'ChartsNow Default PromoCode Promotion'                                                   , 0       ,0        ,0         , 1655270400,true     ,2         ,0        ,3         ,'PromoCode'  ,true          ,NULL),
(4 ,'ChartsNow Promotion By Payment Policy LAST_TRIAL_DAY'                                    , 0       ,0        ,0         , 1655270400,true     ,2         ,0        ,3         ,'noPromoCode',true          ,NULL),
(5 ,'ChartsNow Promotion By Payment Policy NOT_ACTIVE_PAYMENT_DETAILS_OR_NO_PAYMENT_DETAILS'  , 0       ,0        ,0         , 1655270400,true     ,2         ,0        ,3         ,'noPromoCode',true          ,NULL),
(6 ,'ChartsNow Promotion By Payment Policy FREE_TRIAL'                                        , 0       ,0        ,0         , 1655270400,true     ,2         ,0        ,3         ,'noPromoCode',true          ,NULL),
(7 ,'ChartsNow Promotion By Payment Policy PAYMENT_ERROR'                                     , 0       ,0        ,0         , 1655270400,true     ,2         ,0        ,3         ,'noPromoCode',true          ,NULL),
(8 ,'ChartsNow Promotion By Payment Policy LIMITED_AFTER_TRIAL'                               , 0       ,0        ,0         , 1655270400,true     ,2         ,0        ,3         ,'noPromoCode',true          ,NULL),
(9 ,'ChartsNow Promotion By Payment Policy LIMITED'                                           , 0       ,0        ,0         , 1655270400,true     ,2         ,0        ,3         ,'noPromoCode',true          ,NULL),
(10 ,'ChartsNow Promotion By Payment Policy ONE_MONTH_PROMO'                                  , 0       ,0        ,0         , 1655270400,true     ,2         ,0        ,3         ,'noPromoCode',true          ,NULL),
(11,'ChartsNow Promotion By Payment Policy ANDROID'                                           , 0       ,0        ,0         , 1655270400,true     ,2         ,0        ,3         ,'noPromoCode',true          ,NULL),
(12,'ChartsNow Promotion By Payment Policy BLACKBERRY'                                        , 0       ,0        ,0         , 1655270400,true     ,2         ,0        ,3         ,'noPromoCode',true          ,NULL),
(13,'ChartsNow Promotion By Payment Policy IOS'                                               , 0       ,0        ,0         , 1655270400,true     ,2         ,0        ,3         ,'noPromoCode',true          ,NULL),
(14,'ChartsNow Promotion By Payment Policy J2ME'                                              , 0       ,0        ,0         , 1655270400,true     ,2         ,0        ,3         ,'noPromoCode',true          ,NULL),
(15,'MetalHammer Regular Promotion'                                                           , 0       ,0        ,0         , 1655270400,true     ,2         ,0        ,4         ,'noPromoCode',true          ,NULL), 
(16,'MetalHammer Potentail PromoCode Promotion'                                               , 0       ,0        ,0         , 1655270400,true     ,2         ,0        ,4         ,'PromoCode'  ,true          ,NULL),
(17,'MetalHammer Default PromoCode Promotion'                                                 , 0       ,0        ,0         , 1655270400,true     ,2         ,0        ,4         ,'PromoCode'  ,true          ,NULL),
(18,'MetalHammer Promotion By Payment Policy LAST_TRIAL_DAY'                                  , 0       ,0        ,0         , 1655270400,true     ,2         ,0        ,5         ,'noPromoCode',true          ,NULL),
(19,'MetalHammer Promotion By Payment Policy NOT_ACTIVE_PAYMENT_DETAILS_OR_NO_PAYMENT_DETAILS', 0       ,0        ,0         , 1655270400,true     ,2         ,0        ,5         ,'noPromoCode',true          ,NULL),
(20,'MetalHammer Promotion By Payment Policy FREE_TRIAL'                                      , 0       ,0        ,0         , 1655270400,true     ,2         ,0        ,5         ,'noPromoCode',true          ,NULL),
(21,'MetalHammer Promotion By Payment Policy PAYMENT_ERROR'                                   , 0       ,0        ,0         , 1655270400,true     ,2         ,0        ,5         ,'noPromoCode',true          ,NULL),
(22,'MetalHammer Promotion By Payment Policy LIMITED_AFTER_TRIAL'                             , 0       ,0        ,0         , 1655270400,true     ,2         ,0        ,5         ,'noPromoCode',true          ,NULL),
(23,'MetalHammer Promotion By Payment Policy LIMITED'                                         , 0       ,0        ,0         , 1655270400,true     ,2         ,0        ,5         ,'noPromoCode',true          ,NULL),
(24,'MetalHammer Promotion By Payment Policy ONE_MONTH_PROMO'                                 , 0       ,0        ,0         , 1655270400,true     ,2         ,0        ,5         ,'noPromoCode',true          ,NULL),
(25,'MetalHammer Promotion By Payment Policy ANDROID'                                         , 0       ,0        ,0         , 1655270400,true     ,2         ,0        ,5         ,'noPromoCode',true          ,NULL),
(26,'MetalHammer Promotion By Payment Policy BLACKBERRY'                                      , 0       ,0        ,0         , 1655270400,true     ,2         ,0        ,5         ,'noPromoCode',true          ,NULL),
(27,'MetalHammer Promotion By Payment Policy IOS'                                             , 0       ,0        ,0         , 1655270400,true     ,2         ,0        ,5         ,'noPromoCode',true          ,NULL),
(28,'MetalHammer Promotion By Payment Policy J2ME'                                            , 0       ,0        ,0         , 1655270400,true     ,2         ,0        ,5         ,'noPromoCode',true          ,NULL),
(29,'Now Music Regular Promotion'                                                             , 0       ,0        ,0         , 1655270400,true     ,2         ,0        ,5         ,'noPromoCode',true          ,NULL), 
(30,'Now Music Potentail PromoCode Promotion'                                                 , 0       ,0        ,0         , 1655270400,true     ,2         ,0        ,5         ,'PromoCode'  ,true          ,NULL),
(31,'Now Music Default PromoCode Promotion'                                                   , 0       ,0        ,0         , 1655270400,true     ,2         ,0        ,5         ,'PromoCode'  ,true          ,NULL),
(32,'Now Music Promotion By Payment Policy LAST_TRIAL_DAY'                                    , 0       ,0        ,0         , 1655270400,true     ,2         ,0        ,5         ,'noPromoCode',true          ,NULL),
(33,'Now Music Promotion By Payment Policy NOT_ACTIVE_PAYMENT_DETAILS_OR_NO_PAYMENT_DETAILS'  , 0       ,0        ,0         , 1655270400,true     ,2         ,0        ,5         ,'noPromoCode',true          ,NULL),
(34,'Now Music Promotion By Payment Policy FREE_TRIAL'                                        , 0       ,0        ,0         , 1655270400,true     ,2         ,0        ,5         ,'noPromoCode',true          ,NULL),
(35,'Now Music Promotion By Payment Policy PAYMENT_ERROR'                                     , 0       ,0        ,0         , 1655270400,true     ,2         ,0        ,5         ,'noPromoCode',true          ,NULL),
(36,'Now Music Promotion By Payment Policy LIMITED_AFTER_TRIAL'                               , 0       ,0        ,0         , 1655270400,true     ,2         ,0        ,5         ,'noPromoCode',true          ,NULL),
(37,'Now Music Promotion By Payment Policy LIMITED'                                           , 0       ,0        ,0         , 1655270400,true     ,2         ,0        ,5         ,'noPromoCode',true          ,NULL),
(38,'Now Music Promotion By Payment Policy ONE_MONTH_PROMO'                                   , 0       ,0        ,0         , 1655270400,true     ,2         ,0        ,5         ,'noPromoCode',true          ,NULL),
(39,'Now Music Promotion By Payment Policy ANDROID'                                           , 0       ,0        ,0         , 1655270400,true     ,2         ,0        ,5         ,'noPromoCode',true          ,NULL),
(40,'Now Music Promotion By Payment Policy BLACKBERRY'                                        , 0       ,0        ,0         , 1655270400,true     ,2         ,0        ,5         ,'noPromoCode',true          ,NULL),
(41,'Now Music Promotion By Payment Policy IOS'                                               , 0       ,0        ,0         , 1655270400,true     ,2         ,0        ,5         ,'noPromoCode',true          ,NULL),
(42,'Now Music Promotion By Payment Policy J2ME'                                              , 0       ,0        ,0         , 1655270400,true     ,2         ,0        ,5         ,'noPromoCode',true          ,NULL),
(43,'Samsung Regular Promotion'                                                               , 0       ,0        ,0         , 1655270400,true     ,2         ,0        ,6         ,'noPromoCode',true          ,NULL), 
(44,'Samsung Potentail PromoCode Promotion'                                                   , 0       ,0        ,0         , 1655270400,true     ,2         ,0        ,6         ,'PromoCode'  ,true          ,NULL),
(45,'Samsung Default PromoCode Promotion'                                                     , 0       ,0        ,0         , 1655270400,true     ,2         ,0        ,6         ,'PromoCode'  ,true          ,NULL),
(46,'Samsung Promotion By Payment Policy LAST_TRIAL_DAY'                                      , 0       ,0        ,0         , 1655270400,true     ,2         ,0        ,5         ,'noPromoCode',true          ,NULL),
(47,'Samsung Promotion By Payment Policy NOT_ACTIVE_PAYMENT_DETAILS_OR_NO_PAYMENT_DETAILS'    , 0       ,0        ,0         , 1655270400,true     ,2         ,0        ,6         ,'noPromoCode',true          ,NULL),
(48,'Samsung Promotion By Payment Policy FREE_TRIAL'                                          , 0       ,0        ,0         , 1655270400,true     ,2         ,0        ,6         ,'noPromoCode',true          ,NULL),
(49,'Samsung Promotion By Payment Policy PAYMENT_ERROR'                                       , 0       ,0        ,0         , 1655270400,true     ,2         ,0        ,6         ,'noPromoCode',true          ,NULL),
(50,'Samsung Promotion By Payment Policy LIMITED_AFTER_TRIAL'                                 , 0       ,0        ,0         , 1655270400,true     ,2         ,0        ,6         ,'noPromoCode',true          ,NULL),
(51,'Samsung Promotion By Payment Policy LIMITED'                                             , 0       ,0        ,0         , 1655270400,true     ,2         ,0        ,6         ,'noPromoCode',true          ,NULL),
(52,'Samsung Promotion By Payment Policy ONE_MONTH_PROMO'                                     , 0       ,0        ,0         , 1655270400,true     ,2         ,0        ,6         ,'noPromoCode',true          ,NULL),
(53,'Samsung Promotion By Payment Policy ANDROID'                                             , 0       ,0        ,0         , 1655270400,true     ,2         ,0        ,6         ,'noPromoCode',true          ,NULL),
(54,'Samsung Promotion By Payment Policy BLACKBERRY'                                          , 0       ,0        ,0         , 1655270400,true     ,2         ,0        ,6         ,'noPromoCode',true          ,NULL),
(55,'Samsung Promotion By Payment Policy IOS'                                                 , 0       ,0        ,0         , 1655270400,true     ,2         ,0        ,6         ,'noPromoCode',true          ,NULL),
(56,'Samsung Promotion By Payment Policy J2ME'                                                , 0       ,0        ,0         , 1655270400,true     ,2         ,0        ,6         ,'noPromoCode',true          ,NULL),
(57,'runningtrax Regular Promotion'                                                           , 0       ,0        ,0         , 1655270400,true     ,2         ,0        ,7         ,'noPromoCode',true          ,NULL), 
(58,'runningtrax Potentail PromoCode Promotion'                                               , 0       ,0        ,0         , 1655270400,true     ,2         ,0        ,7         ,'PromoCode'  ,true          ,NULL),
(59,'runningtrax Default PromoCode Promotion'                                                 , 0       ,0        ,0         , 1655270400,true     ,2         ,0        ,7         ,'PromoCode'  ,true          ,NULL),
(60,'runningtrax Promotion By Payment Policy LAST_TRIAL_DAY'                                  , 0       ,0        ,0         , 1655270400,true     ,2         ,0        ,5         ,'noPromoCode',true          ,NULL),
(61,'runningtrax Promotion By Payment Policy NOT_ACTIVE_PAYMENT_DETAILS_OR_NO_PAYMENT_DETAILS', 0       ,0        ,0         , 1655270400,true     ,2         ,0        ,5         ,'noPromoCode',true          ,NULL),
(62,'runningtrax Promotion By Payment Policy FREE_TRIAL'                                      , 0       ,0        ,0         , 1655270400,true     ,2         ,0        ,5         ,'noPromoCode',true          ,NULL),
(63,'runningtrax Promotion By Payment Policy PAYMENT_ERROR'                                   , 0       ,0        ,0         , 1655270400,true     ,2         ,0        ,5         ,'noPromoCode',true          ,NULL),
(64,'runningtrax Promotion By Payment Policy LIMITED_AFTER_TRIAL'                             , 0       ,0        ,0         , 1655270400,true     ,2         ,0        ,5         ,'noPromoCode',true          ,NULL),
(65,'runningtrax Promotion By Payment Policy LIMITED'                                         , 0       ,0        ,0         , 1655270400,true     ,2         ,0        ,5         ,'noPromoCode',true          ,NULL),
(66,'runningtrax Promotion By Payment Policy ONE_MONTH_PROMO'                                 , 0       ,0        ,0         , 1655270400,true     ,2         ,0        ,5         ,'noPromoCode',true          ,NULL),
(67,'runningtrax Promotion By Payment Policy ANDROID'                                         , 0       ,0        ,0         , 1655270400,true     ,2         ,0        ,5         ,'noPromoCode',true          ,NULL),
(68,'runningtrax Promotion By Payment Policy BLACKBERRY'                                      , 0       ,0        ,0         , 1655270400,true     ,2         ,0        ,5         ,'noPromoCode',true          ,NULL),
(69,'runningtrax Promotion By Payment Policy IOS'                                             , 0       ,0        ,0         , 1655270400,true     ,2         ,0        ,5         ,'noPromoCode',true          ,NULL),
(70,'runningtrax Promotion By Payment Policy J2ME'                                            , 0       ,0        ,0         , 1655270400,true     ,2         ,0        ,5         ,'noPromoCode',true          ,NULL),
(71,'occ Regular Promotion'                                                                   , 0       ,0        ,0         , 1655270400,true     ,2         ,0        ,8         ,'noPromoCode',true          ,NULL), 
(72,'occ Potentail PromoCode Promotion'                                                       , 0       ,0        ,0         , 1655270400,true     ,2         ,0        ,8         ,'PromoCode'  ,true          ,NULL),
(73,'occ Default PromoCode Promotion'                                                         , 0       ,0        ,0         , 1655270400,true     ,2         ,0        ,8         ,'PromoCode'  ,true          ,NULL),
(74,'occ Promotion By Payment Policy LAST_TRIAL_DAY'                                          , 0       ,0        ,0         , 1655270400,true     ,2         ,0        ,5         ,'noPromoCode',true          ,NULL),
(75,'occ Promotion By Payment Policy NOT_ACTIVE_PAYMENT_DETAILS_OR_NO_PAYMENT_DETAILS'        , 0       ,0        ,0         , 1655270400,true     ,2         ,0        ,5         ,'noPromoCode',true          ,NULL),
(76,'occ Promotion By Payment Policy FREE_TRIAL'                                              , 0       ,0        ,0         , 1655270400,true     ,2         ,0        ,5         ,'noPromoCode',true          ,NULL),
(77,'occ Promotion By Payment Policy PAYMENT_ERROR'                                           , 0       ,0        ,0         , 1655270400,true     ,2         ,0        ,5         ,'noPromoCode',true          ,NULL),
(78,'occ Promotion By Payment Policy LIMITED_AFTER_TRIAL'                                     , 0       ,0        ,0         , 1655270400,true     ,2         ,0        ,5         ,'noPromoCode',true          ,NULL),
(79,'occ Promotion By Payment Policy LIMITED'                                                 , 0       ,0        ,0         , 1655270400,true     ,2         ,0        ,5         ,'noPromoCode',true          ,NULL),
(80,'occ Promotion By Payment Policy ONE_MONTH_PROMO'                                         , 0       ,0        ,0         , 1655270400,true     ,2         ,0        ,5         ,'noPromoCode',true          ,NULL),
(81,'occ Promotion By Payment Policy ANDROID'                                                 , 0       ,0        ,0         , 1655270400,true     ,2         ,0        ,5         ,'noPromoCode',true          ,NULL),
(82,'occ Promotion By Payment Policy BLACKBERRY'                                              , 0       ,0        ,0         , 1655270400,true     ,2         ,0        ,5         ,'noPromoCode',true          ,NULL),
(83,'occ Promotion By Payment Policy IOS'                                                     , 0       ,0        ,0         , 1655270400,true     ,2         ,0        ,5         ,'noPromoCode',true          ,NULL),
(84,'occ Promotion By Payment Policy J2ME'                                                    , 0       ,0        ,0         , 1655270400,true     ,2         ,0        ,5         ,'noPromoCode',true          ,NULL),
(85,'occ Promotion By Payment Policy FreeTrialPeriodFilter'                                   , 0       ,0        ,0         , 1655270400,true     ,2         ,0        ,5         ,'noPromoCode',true          ,NULL),
(86,'Samsung Promotion By Payment Policy FreeTrialPeriodFilter'                               , 0       ,0        ,0         , 1655270400,true     ,2         ,0        ,6         ,'noPromoCode',true          ,NULL);

INSERT INTO tb_promoCode 
(id, code                           , promotionId) VALUES 
(1 ,'ChartsNowPotentailPromoCode'   , 2),
(2 ,'ChartsNowDefaultPromoCode'     , 3),
(3 ,'MetalHammerPotentailPromoCode' , 16),
(4 ,'MetalHammerDefaultPromoCode'   , 17),
(5 ,'NowMusicPotentailPromoCode'    , 30),
(6 ,'NowMusicDefaultPromoCode'      , 31),
(7 ,'SamsungPotentailPromoCode'     , 44),
(8 ,'SamsungDefaultPromoCode'       , 45),
(9 ,'runningtraxPotentailPromoCode' , 58),
(10,'runningtraxDefaultPromoCode'   , 59),
(11,'occPotentailPromoCode'         , 72),
(12,'occDefaultPromoCode'           , 73);

insert into tb_promotionpaymentpolicy 
(id, subcost, subweeks, promotion_i) values 
(1 , 2      ,  2      , 4),
(2 , 2      ,  2      , 8),
(3 , 2      ,  2      , 12),
(4 , 2      ,  2      , 16),
(5 , 2      ,  2      , 20),
(6 , 2      ,  2      , 24),
(7,  2      ,  2      , 85),
(8,  2      ,  2      , 86);

insert into tb_filter 
(id, filterType) values 
(1 , 'PromotionUserStateFilter'),
(2 , 'PromotionUserStateFilter'),
(3 , 'PromotionUserStateFilter'),
(4 , 'PromotionUserStateFilter'),
(5 , 'PromotionUserStateFilter'),
(6 , 'PromotionUserStateFilter'),
(7 , 'PromotionUserStateFilter'),
(8 , 'PromotionUserHandsetFilter'),
(9 , 'PromotionUserHandsetFilter'),
(10, 'PromotionUserHandsetFilter'),
(11, 'PromotionUserHandsetFilter'),
(12 , 'FAKE'),
(13 , 'FreeTrialPeriodFilter'),
(14 , 'FreeTrialPeriodFilter');

insert into tb_filter_params
(PUserHandsetFilter_id, userHandset , PUserStateFilter_id, userStates                                        , FreeTrialPeriodFilter_id, activeSinceTrialStartTimestampMillis, activeTillTrialEndTimestampMillis) values
(12                   , null        , 1                  , 'LAST_TRIAL_DAY'                                  , 12                      , null                                , null),
(12                   , null        , 2                  , 'NOT_ACTIVE_PAYMENT_DETAILS_OR_NO_PAYMENT_DETAILS', 12                      , null                                , null),
(12                   , null        , 3                  , 'FREE_TRIAL'                                      , 12                      , null                                , null),
(12                   , null        , 4                  , 'PAYMENT_ERROR'                                   , 12                      , null                                , null),
(12                   , null        , 5                  , 'LIMITED_AFTER_TRIAL'                             , 12                      , null                                , null),
(12                   , null        , 6                  , 'LIMITED'                                         , 12                      , null                                , null),
(12                   , null        , 7                  , 'ONE_MONTH_PROMO'                                 , 12                      , null                                , null),
(8                    , 'ANDROID'   , 12                 , null                                              , 12                      , null                                , null),
(9                    , 'BLACKBERRY', 12                 , null                                              , 12                      , null                                , null),
(10                   , 'IOS'       , 12                 , null                                              , 12                      , null                                , null),
(11                   , 'J2ME'      , 12                 , null                                              , 12                      , null                                , null),
(12                   , null        , 12                 , null                                              , 13                      , 666                                 , 999),
(12                   , null        , 12                 , null                                              , 14                      , 666                                 , 999),
(12                   , null        , 12                 , null                                              , 14                      , 444                                 , 555);

insert into tb_promotions_tb_filter 
(tb_promotions_i, filters_id) values 
(4              , 1),
(5              , 2),
(6              , 3),
(7              , 4),
(8              , 5),
(9              , 6),
(10             , 7),
(11             , 8),
(12             , 9),
(13             , 10),
(14             , 11),
(18             , 1),
(19             , 2),
(20             , 3),
(21             , 4),
(22             , 5),
(23             , 6),
(24             , 7),
(25             , 8),
(26             , 9),
(27             , 10),
(28             , 11),
(32             , 1),
(33             , 2),
(34             , 3),
(35             , 4),
(36             , 5),
(37             , 6),
(38             , 7),
(39             , 8),
(40             , 9),
(41             , 10),
(44             , 11),
(46             , 1),
(47             , 2),
(48             , 3),
(49             , 4),
(50             , 5),
(51             , 6),
(52             , 7),
(53             , 8),
(54             , 9),
(55             , 10),
(56             , 11),
(60             , 1),
(61             , 2),
(62             , 3),
(63             , 4),
(64             , 5),
(65             , 6),
(66             , 7),
(67             , 8),
(68             , 9),
(69             , 10),
(70             , 11),
(74             , 1),
(75             , 2),
(76             , 3),
(77             , 4),
(78             , 5),
(79             , 6),
(80             , 7),
(81             , 8),
(82             , 9),
(83             , 10),
(84             , 11),
(85             , 13),
(86             , 14);


INSERT INTO tb_paymentPolicy 
(i ,communityID, subWeeks, subCost, paymentType, operator, shortCode, currencyISO, availableInStore) VALUES 
(1 ,3          ,5        ,'5'     ,'creditCard',NULL     ,''        ,'GBP'       ,true) ,
(2 ,3          ,6        ,'5'     ,'PAY_PAL'   ,NULL     ,''        ,'GBP'       ,true) ,
(3 ,3          ,3        ,'4'     ,'PSMS'      ,1        ,'80988'   ,'GBP'       ,true),
(4 ,3          ,3        ,'4'     ,'PSMS'      ,2        ,'80988'   ,'GBP'       ,true),
(5 ,3          ,3        ,'4'     ,'PSMS'      ,3        ,'80988'   ,'GBP'       ,true),
(6 ,3          ,3        ,'4'     ,'PSMS'      ,4        ,'80988'   ,'GBP'       ,true),
(7 ,3          ,3        ,'4'     ,'PSMS'      ,5        ,'80988'   ,'GBP'       ,true),
(8 ,3          ,3        ,'4'     ,'PSMS'      ,6        ,'80988'   ,'GBP'       ,true),
(9 ,3          ,3        ,'4'     ,'PSMS'      ,7        ,'80988'   ,'GBP'       ,true),
(10,3          ,3        ,'4'     ,'PSMS'      ,8        ,'80988'   ,'GBP'       ,true),
(11,3          ,3        ,'4'     ,'PSMS'      ,9        ,'80988'   ,'GBP'       ,true),
(12,3          ,3        ,'4'     ,'PSMS'      ,10       ,'80988'   ,'GBP'       ,true),
(13,3          ,3        ,'4'     ,'PSMS'      ,11       ,'80988'   ,'GBP'       ,true),
(14,3          ,3        ,'4'     ,'PSMS'      ,12       ,'80988'   ,'GBP'       ,true),
(15,4          ,5        ,'5'     ,'creditCard',NULL     ,''        ,'GBP'       ,true),
(16,4          ,6        ,'5'     ,'PAY_PAL'   ,NULL     ,''        ,'GBP'       ,true),
(17,4          ,3        ,'4'     ,'PSMS'      ,1        ,'80988'   ,'GBP'       ,true),
(18,4          ,3        ,'4'     ,'PSMS'      ,2        ,'80988'   ,'GBP'       ,true),
(19,4          ,3        ,'4'     ,'PSMS'      ,3        ,'80988'   ,'GBP'       ,true),
(20,4          ,3        ,'4'     ,'PSMS'      ,4        ,'80988'   ,'GBP'       ,true),
(21,4          ,3        ,'4'     ,'PSMS'      ,5        ,'80988'   ,'GBP'       ,true),
(22,4          ,3        ,'4'     ,'PSMS'      ,6        ,'80988'   ,'GBP'       ,true),
(23,4          ,3        ,'4'     ,'PSMS'      ,7        ,'80988'   ,'GBP'       ,true),
(24,5          ,3        ,'4'     ,'PSMS'      ,8        ,'80988'   ,'GBP'       ,true),
(25,5          ,3        ,'4'     ,'PSMS'      ,9        ,'80988'   ,'GBP'       ,true),
(26,5          ,3        ,'4'     ,'PSMS'      ,10       ,'80988'   ,'GBP'       ,true),
(27,5          ,3        ,'4'     ,'PSMS'      ,11       ,'80988'   ,'GBP'       ,true),
(28,5          ,3        ,'4'     ,'PSMS'      ,12       ,'80988'   ,'GBP'       ,true),
(29,5          ,5        ,'5'     ,'creditCard',NULL     ,''        ,'GBP'       ,true),
(30,5          ,6        ,'5'     ,'PAY_PAL'   ,NULL     ,''        ,'GBP'       ,true),
(31,5          ,3        ,'4'     ,'PSMS'      ,1        ,'80988'   ,'GBP'       ,true),
(32,5          ,3        ,'4'     ,'PSMS'      ,2        ,'80988'   ,'GBP'       ,true),
(33,5          ,3        ,'4'     ,'PSMS'      ,3        ,'80988'   ,'GBP'       ,true),
(34,5          ,3        ,'4'     ,'PSMS'      ,4        ,'80988'   ,'GBP'       ,true),
(35,5          ,3        ,'4'     ,'PSMS'      ,5        ,'80988'   ,'GBP'       ,true),
(36,5          ,3        ,'4'     ,'PSMS'      ,6        ,'80988'   ,'GBP'       ,true),
(37,5          ,3        ,'4'     ,'PSMS'      ,7        ,'80988'   ,'GBP'       ,true),
(38,5          ,3        ,'4'     ,'PSMS'      ,8        ,'80988'   ,'GBP'       ,true),
(39,5          ,3        ,'4'     ,'PSMS'      ,9        ,'80988'   ,'GBP'       ,true),
(40,5          ,3        ,'4'     ,'PSMS'      ,10       ,'80988'   ,'GBP'       ,true),
(41,5          ,3        ,'4'     ,'PSMS'      ,11       ,'80988'   ,'GBP'       ,true),
(42,5          ,3        ,'4'     ,'PSMS'      ,12       ,'80988'   ,'GBP'       ,true),
(43,6          ,5        ,'5'     ,'creditCard',NULL     ,''        ,'GBP'       ,true),
(44,6          ,6        ,'5'     ,'PAY_PAL'   ,NULL     ,''        ,'GBP'       ,true),
(45,6          ,3        ,'4'     ,'PSMS'      ,1        ,'80988'   ,'GBP'       ,true),
(46,6          ,3        ,'4'     ,'PSMS'      ,2        ,'80988'   ,'GBP'       ,true),
(47,6          ,3        ,'4'     ,'PSMS'      ,3        ,'80988'   ,'GBP'       ,true),
(48,6          ,3        ,'4'     ,'PSMS'      ,4        ,'80988'   ,'GBP'       ,true),
(49,6          ,3        ,'4'     ,'PSMS'      ,5        ,'80988'   ,'GBP'       ,true),
(50,6          ,3        ,'4'     ,'PSMS'      ,6        ,'80988'   ,'GBP'       ,true),
(51,6          ,3        ,'4'     ,'PSMS'      ,7        ,'80988'   ,'GBP'       ,true),
(52,6          ,3        ,'4'     ,'PSMS'      ,8        ,'80988'   ,'GBP'       ,true),
(53,6          ,3        ,'4'     ,'PSMS'      ,9        ,'80988'   ,'GBP'       ,true),
(54,6          ,3        ,'4'     ,'PSMS'      ,10       ,'80988'   ,'GBP'       ,true),
(55,6          ,3        ,'4'     ,'PSMS'      ,11       ,'80988'   ,'GBP'       ,true),
(56,6          ,3        ,'4'     ,'PSMS'      ,12       ,'80988'   ,'GBP'       ,true),
(57,7          ,5        ,'5'     ,'creditCard',NULL     ,''        ,'GBP'       ,true),
(58,7          ,6        ,'5'     ,'PAY_PAL'   ,NULL     ,''        ,'GBP'       ,true),
(59,7          ,3        ,'4'     ,'PSMS'      ,1        ,'80988'   ,'GBP'       ,true),
(60,7          ,3        ,'4'     ,'PSMS'      ,2        ,'80988'   ,'GBP'       ,true),
(61,7          ,3        ,'4'     ,'PSMS'      ,3        ,'80988'   ,'GBP'       ,true),
(62,7          ,3        ,'4'     ,'PSMS'      ,4        ,'80988'   ,'GBP'       ,true),
(63,7          ,3        ,'4'     ,'PSMS'      ,5        ,'80988'   ,'GBP'       ,true),
(64,7          ,3        ,'4'     ,'PSMS'      ,6        ,'80988'   ,'GBP'       ,true),
(65,7          ,3        ,'4'     ,'PSMS'      ,7        ,'80988'   ,'GBP'       ,true),
(66,7          ,3        ,'4'     ,'PSMS'      ,8        ,'80988'   ,'GBP'       ,true),
(67,7          ,3        ,'4'     ,'PSMS'      ,9        ,'80988'   ,'GBP'       ,true),
(68,7          ,3        ,'4'     ,'PSMS'      ,10       ,'80988'   ,'GBP'       ,true),
(69,7          ,3        ,'4'     ,'PSMS'      ,11       ,'80988'   ,'GBP'       ,true),
(70,7          ,3        ,'4'     ,'PSMS'      ,12       ,'80988'   ,'GBP'       ,true),
(71,8          ,5        ,'5'     ,'creditCard',NULL     ,''        ,'GBP'       ,true),
(72,8          ,6        ,'5'     ,'PAY_PAL'   ,NULL     ,''        ,'GBP'       ,true),
(73,8          ,3        ,'4'     ,'PSMS'      ,1        ,'80988'   ,'GBP'       ,true),
(74,8          ,3        ,'4'     ,'PSMS'      ,2        ,'80988'   ,'GBP'       ,true),
(75,8          ,3        ,'4'     ,'PSMS'      ,3        ,'80988'   ,'GBP'       ,true),
(76,8          ,3        ,'4'     ,'PSMS'      ,4        ,'80988'   ,'GBP'       ,true),
(77,8          ,3        ,'4'     ,'PSMS'      ,5        ,'80988'   ,'GBP'       ,true),
(78,8          ,3        ,'4'     ,'PSMS'      ,6        ,'80988'   ,'GBP'       ,true),
(79,8          ,3        ,'4'     ,'PSMS'      ,7        ,'80988'   ,'GBP'       ,true),
(80,8          ,3        ,'4'     ,'PSMS'      ,8        ,'80988'   ,'GBP'       ,true),
(81,8          ,3        ,'4'     ,'PSMS'      ,9        ,'80988'   ,'GBP'       ,true),
(82,8          ,3        ,'4'     ,'PSMS'      ,10       ,'80988'   ,'GBP'       ,true),
(83,8          ,3        ,'4'     ,'PSMS'      ,11       ,'80988'   ,'GBP'       ,true),
(84,8          ,3        ,'4'     ,'PSMS'      ,12       ,'80988'   ,'GBP'       ,true);

insert into tb_promotionPaymentPolicy_tb_paymentPolicy
(tb_promotionPaymentPolicy_id, paymentPolicies_i) values
(7                           , 71),
(7                           , 72),
(7                           , 73),
(7                           , 74),
(7                           , 75),
(7                           , 76),
(7                           , 77),
(7                           , 78),
(7                           , 79),
(7                           , 80),
(7                           , 81),
(7                           , 82),
(7                           , 83),
(7                           , 84),
(8                           , 43),
(8                           , 44),
(8                           , 45),
(8                           , 46),
(8                           , 47),
(8                           , 48),
(8                           , 49),
(8                           , 50),
(8                           , 51),
(8                           , 52),
(8                           , 53),
(8                           , 54),
(8                           , 55),
(8                           , 56);

insert into messages 
(id, activated, body                                                                                                                                                                                                                                                         , community_id, frequence, messageType   , position, publishTimeMillis, title) values 
(1 , true     , 'Blue Ivy Carter, new daughter of Beyonce and JayZ, is already making chart history! Daddy Z features cute cries from little Princess B on his new track, Glory, making her the youngest person ever to appear in the Billboard chart!'                      , 3           , null     , 'NEWS'        ,1        , 1315686788000    , 'Blue Ivy Carter, new daughter of Beyonce and JayZ, is already making chart history! Daddy Z features cute cries from little Princess B on his new track, Glory, making her the youngest person ever to appear in the Billboard chart!'),
(2 , true     , 'The Wanted would love to match the drama and musicality of the Take That shows on their upcoming tour. The boys start a 10 date US Tour on Jan 17th and then head back to the UK for their 1st show on February 15th at the Capital FM Arena in Nottingham.', 3           , 'DAILY'  , 'POPUP'       ,2        , 1315686788000    , 'The Wanted would love to match the drama and musicality of the Take That shows on their upcoming tour. The boys start a 10 date US Tour on Jan 17th and then head back to the UK for their 1st show on February 15th at the Capital FM Arena in Nottingham.'),
(3 , true     , 'The NOW! Top 40 Chart delivers all the hits, all the time, straight to your mobile! Subscribed already? Congrats! If not, please get your groove on to keep the hits coming! Click in app or via your email! No email? Check your junk folder! Go for it!'  , 3           , 'WEEKLY' , 'NOTIFICATION',3        , 1315686788000    , 'The NOW! Top 40 Chart delivers all the hits, all the time, straight to your mobile! Subscribed already? Congrats! If not, please get your groove on to keep the hits coming! Click in app or via your email! No email? Check your junk folder! Go for it!'),
(4 , true     , 'Flipping back to music after producing new movie W.E., Madonna revealed that her 12th album will be called MDNA and will more than likely be released in March. The first single Gimme All Your Luvin will feature Nicki Minaj and MIA.'                    , 3           , null     , 'NEWS'        ,4        , 1315686788000    , 'Flipping back to music after producing new movie W.E., Madonna revealed that her 12th album will be called MDNA and will more than likely be released in March. The first single Gimme All Your Luvin will feature Nicki Minaj and MIA.'),
(5 , true     , 'Grammy producers are keen for Adele to open the legendary awards ceremony in February but will have to wait for an answer as the singer is still recovering from throat surgery. The Someone Like You singer has been nominated for six awards.'            , 3           , 'ONCE'   , 'POPUP'       ,5        , 1315686788000    , 'Blue Ivy Carter, new daughter of Beyonce and JayZ, is already making chart history! Daddy Z features cute cries from little Princess B on his new track, Glory, making her the youngest person ever to appear in the Billboard chart!'),
(6 , false    , 'MasterCard and the Brits have launched an amazing competition in which fans can duet with either JLS, Emeli Sande or Labrinth. The winner will get VIP tickets to the awards show itself AND appear in an advert with their favourite popstar!'             , 3           ,'DAILY'   , 'NOTIFICATION',6        , 1315686788000    , 'MasterCard and the Brits have launched an amazing competition in which fans can duet with either JLS, Emeli Sande or Labrinth. The winner will get VIP tickets to the awards show itself AND appear in an advert with their favourite popstar!'),
(7 , true     , 'Cher Lloyd is engaged! According to reports, the Swagger Jagger hitmaker and her boyfriend, hairdresser Craig Monk, actually got engaged last month but have been trying to keep it a secret. Best of luck to the happy couple!'                            , 3           , null     , 'NEWS'        ,7        , 1315686788000    , 'Cher Lloyd is engaged! According to reports, the Swagger Jagger hitmaker and her boyfriend, hairdresser Craig Monk, actually got engaged last month but have been trying to keep it a secret. Best of luck to the happy couple!'),
(8 , true     , 'Lady Gaga has apparently taken up darts! The Born This Way singer recently accompanied her Vampire Diaries actor boyfriend, Taylor Kinney, to a pub game and apparently she is hooked! Taylor partnered Gaga as her love interest in her video You and I.'  , 3           , null     , 'POPUP'       ,8        , 1315686788000    , 'Lady Gaga has apparently taken up darts! The Born This Way singer recently accompanied her Vampire Diaries actor boyfriend, Taylor Kinney, to a pub game and apparently she is hooked! Taylor partnered Gaga as her love interest in her video You and I.'),
(9 , true     , 'With Little Mix winning X Factor, an original Sugababes reunion and a rumoured new 10th anniversary Girls Aloud album, 2012 looks like the year of the girl band! Wonder what the Spice Girls are up to?'                                                   , 3           , 'DAILY'  , 'NOTIFICATION',9        , 1315686788000    , 'With Little Mix winning X Factor, an original Sugababes reunion and a rumoured new 10th anniversary Girls Aloud album, 2012 looks like the year of the girl band! Wonder what the Spice Girls are up to?'),
(10, true     ,'The BRIT Awards 2012 will be held on Tuesday 21 February at The O2 Arena and broadcast live on ITV1. James Corden will host again this year and nominees have been announced. www.brits.co.uk'                                                               , 3           , null     , 'NEWS'        ,10       , 1315686788000    , 'The BRIT Awards 2012 will be held on Tuesday 21 February at The O2 Arena and broadcast live on ITV1. James Corden will host again this year and nominees have been announced. www.brits.co.uk'),
(11, true     , 'Blue Ivy Carter, new daughter of Beyonce and JayZ, is already making chart history! Daddy Z features cute cries from little Princess B on his new track, Glory, making her the youngest person ever to appear in the Billboard chart!'                      , 4           , null     , 'NEWS'        ,1        , 1315686788000    , 'Blue Ivy Carter, new daughter of Beyonce and JayZ, is already making chart history! Daddy Z features cute cries from little Princess B on his new track, Glory, making her the youngest person ever to appear in the Billboard chart!'),
(12, true     , 'The Wanted would love to match the drama and musicality of the Take That shows on their upcoming tour. The boys start a 10 date US Tour on Jan 17th and then head back to the UK for their 1st show on February 15th at the Capital FM Arena in Nottingham.', 4           , 'DAILY'  , 'POPUP'       ,2        , 1315686788000    , 'The Wanted would love to match the drama and musicality of the Take That shows on their upcoming tour. The boys start a 10 date US Tour on Jan 17th and then head back to the UK for their 1st show on February 15th at the Capital FM Arena in Nottingham.'),
(13, true     , 'The NOW! Top 40 Chart delivers all the hits, all the time, straight to your mobile! Subscribed already? Congrats! If not, please get your groove on to keep the hits coming! Click in app or via your email! No email? Check your junk folder! Go for it!'  , 4           , 'WEEKLY' , 'NOTIFICATION',3        , 1315686788000    , 'The NOW! Top 40 Chart delivers all the hits, all the time, straight to your mobile! Subscribed already? Congrats! If not, please get your groove on to keep the hits coming! Click in app or via your email! No email? Check your junk folder! Go for it!'),
(14, true     , 'Flipping back to music after producing new movie W.E., Madonna revealed that her 12th album will be called MDNA and will more than likely be released in March. The first single Gimme All Your Luvin will feature Nicki Minaj and MIA.'                    , 4           , null     , 'NEWS'        ,4        , 1315686788000    , 'Flipping back to music after producing new movie W.E., Madonna revealed that her 12th album will be called MDNA and will more than likely be released in March. The first single Gimme All Your Luvin will feature Nicki Minaj and MIA.'),
(15, true     , 'Grammy producers are keen for Adele to open the legendary awards ceremony in February but will have to wait for an answer as the singer is still recovering from throat surgery. The Someone Like You singer has been nominated for six awards.'            , 4           , 'ONCE'   , 'POPUP'       ,5        , 1315686788000    , 'Blue Ivy Carter, new daughter of Beyonce and JayZ, is already making chart history! Daddy Z features cute cries from little Princess B on his new track, Glory, making her the youngest person ever to appear in the Billboard chart!'),
(16, false    , 'MasterCard and the Brits have launched an amazing competition in which fans can duet with either JLS, Emeli Sande or Labrinth. The winner will get VIP tickets to the awards show itself AND appear in an advert with their favourite popstar!'             , 4           ,'DAILY'   , 'NOTIFICATION',6        , 1315686788000    , 'MasterCard and the Brits have launched an amazing competition in which fans can duet with either JLS, Emeli Sande or Labrinth. The winner will get VIP tickets to the awards show itself AND appear in an advert with their favourite popstar!'),
(17, true     , 'Cher Lloyd is engaged! According to reports, the Swagger Jagger hitmaker and her boyfriend, hairdresser Craig Monk, actually got engaged last month but have been trying to keep it a secret. Best of luck to the happy couple!'                            , 4           , null     , 'NEWS'        ,7        , 1315686788000    , 'Cher Lloyd is engaged! According to reports, the Swagger Jagger hitmaker and her boyfriend, hairdresser Craig Monk, actually got engaged last month but have been trying to keep it a secret. Best of luck to the happy couple!'),
(18, true     , 'Lady Gaga has apparently taken up darts! The Born This Way singer recently accompanied her Vampire Diaries actor boyfriend, Taylor Kinney, to a pub game and apparently she is hooked! Taylor partnered Gaga as her love interest in her video You and I.'  , 4           , null     , 'POPUP'       ,8        , 1315686788000    , 'Lady Gaga has apparently taken up darts! The Born This Way singer recently accompanied her Vampire Diaries actor boyfriend, Taylor Kinney, to a pub game and apparently she is hooked! Taylor partnered Gaga as her love interest in her video You and I.'),
(19, true     , 'With Little Mix winning X Factor, an original Sugababes reunion and a rumoured new 10th anniversary Girls Aloud album, 2012 looks like the year of the girl band! Wonder what the Spice Girls are up to?'                                                   , 4           , 'DAILY'  , 'NOTIFICATION',9        , 1315686788000    , 'With Little Mix winning X Factor, an original Sugababes reunion and a rumoured new 10th anniversary Girls Aloud album, 2012 looks like the year of the girl band! Wonder what the Spice Girls are up to?'),
(20, true     ,'The BRIT Awards 2012 will be held on Tuesday 21 February at The O2 Arena and broadcast live on ITV1. James Corden will host again this year and nominees have been announced. www.brits.co.uk'                                                               , 4           , null     , 'NEWS'        ,10       , 1315686788000    , 'The BRIT Awards 2012 will be held on Tuesday 21 February at The O2 Arena and broadcast live on ITV1. James Corden will host again this year and nominees have been announced. www.brits.co.uk'),
(21, true     , 'Blue Ivy Carter, new daughter of Beyonce and JayZ, is already making chart history! Daddy Z features cute cries from little Princess B on his new track, Glory, making her the youngest person ever to appear in the Billboard chart!'                      , 5           , null     , 'NEWS'        ,1        , 1315686788000    , 'Blue Ivy Carter, new daughter of Beyonce and JayZ, is already making chart history! Daddy Z features cute cries from little Princess B on his new track, Glory, making her the youngest person ever to appear in the Billboard chart!'),
(22, true     , 'The Wanted would love to match the drama and musicality of the Take That shows on their upcoming tour. The boys start a 10 date US Tour on Jan 17th and then head back to the UK for their 1st show on February 15th at the Capital FM Arena in Nottingham.', 5           , 'DAILY'  , 'POPUP'       ,2        , 1315686788000    , 'The Wanted would love to match the drama and musicality of the Take That shows on their upcoming tour. The boys start a 10 date US Tour on Jan 17th and then head back to the UK for their 1st show on February 15th at the Capital FM Arena in Nottingham.'),
(23, true     , 'The NOW! Top 40 Chart delivers all the hits, all the time, straight to your mobile! Subscribed already? Congrats! If not, please get your groove on to keep the hits coming! Click in app or via your email! No email? Check your junk folder! Go for it!'  , 5           , 'WEEKLY' , 'NOTIFICATION',3        , 1315686788000    , 'The NOW! Top 40 Chart delivers all the hits, all the time, straight to your mobile! Subscribed already? Congrats! If not, please get your groove on to keep the hits coming! Click in app or via your email! No email? Check your junk folder! Go for it!'),
(24, true     , 'Flipping back to music after producing new movie W.E., Madonna revealed that her 12th album will be called MDNA and will more than likely be released in March. The first single Gimme All Your Luvin will feature Nicki Minaj and MIA.'                    , 5           , null     , 'NEWS'        ,4        , 1315686788000    , 'Flipping back to music after producing new movie W.E., Madonna revealed that her 12th album will be called MDNA and will more than likely be released in March. The first single Gimme All Your Luvin will feature Nicki Minaj and MIA.'),
(25, true     , 'Grammy producers are keen for Adele to open the legendary awards ceremony in February but will have to wait for an answer as the singer is still recovering from throat surgery. The Someone Like You singer has been nominated for six awards.'            , 5           , 'ONCE'   , 'POPUP'       ,5        , 1315686788000    , 'Blue Ivy Carter, new daughter of Beyonce and JayZ, is already making chart history! Daddy Z features cute cries from little Princess B on his new track, Glory, making her the youngest person ever to appear in the Billboard chart!'),
(26, false    , 'MasterCard and the Brits have launched an amazing competition in which fans can duet with either JLS, Emeli Sande or Labrinth. The winner will get VIP tickets to the awards show itself AND appear in an advert with their favourite popstar!'             , 5           ,'DAILY'   , 'NOTIFICATION',6        , 1315686788000    , 'MasterCard and the Brits have launched an amazing competition in which fans can duet with either JLS, Emeli Sande or Labrinth. The winner will get VIP tickets to the awards show itself AND appear in an advert with their favourite popstar!'),
(27, true     , 'Cher Lloyd is engaged! According to reports, the Swagger Jagger hitmaker and her boyfriend, hairdresser Craig Monk, actually got engaged last month but have been trying to keep it a secret. Best of luck to the happy couple!'                            , 5           , null     , 'NEWS'        ,7        , 1315686788000    , 'Cher Lloyd is engaged! According to reports, the Swagger Jagger hitmaker and her boyfriend, hairdresser Craig Monk, actually got engaged last month but have been trying to keep it a secret. Best of luck to the happy couple!'),
(28, true     , 'Lady Gaga has apparently taken up darts! The Born This Way singer recently accompanied her Vampire Diaries actor boyfriend, Taylor Kinney, to a pub game and apparently she is hooked! Taylor partnered Gaga as her love interest in her video You and I.'  , 5           , null     , 'POPUP'       ,8        , 1315686788000    , 'Lady Gaga has apparently taken up darts! The Born This Way singer recently accompanied her Vampire Diaries actor boyfriend, Taylor Kinney, to a pub game and apparently she is hooked! Taylor partnered Gaga as her love interest in her video You and I.'),
(29, true     , 'With Little Mix winning X Factor, an original Sugababes reunion and a rumoured new 10th anniversary Girls Aloud album, 2012 looks like the year of the girl band! Wonder what the Spice Girls are up to?'                                                   , 5           , 'DAILY'  , 'NOTIFICATION',9        , 1315686788000    , 'With Little Mix winning X Factor, an original Sugababes reunion and a rumoured new 10th anniversary Girls Aloud album, 2012 looks like the year of the girl band! Wonder what the Spice Girls are up to?'),
(30, true     ,'The BRIT Awards 2012 will be held on Tuesday 21 February at The O2 Arena and broadcast live on ITV1. James Corden will host again this year and nominees have been announced. www.brits.co.uk'                                                               , 5           , null     , 'NEWS'        ,10       , 1315686788000    , 'The BRIT Awards 2012 will be held on Tuesday 21 February at The O2 Arena and broadcast live on ITV1. James Corden will host again this year and nominees have been announced. www.brits.co.uk'),
(31, true     , 'Blue Ivy Carter, new daughter of Beyonce and JayZ, is already making chart history! Daddy Z features cute cries from little Princess B on his new track, Glory, making her the youngest person ever to appear in the Billboard chart!'                      , 6           , null     , 'NEWS'        ,1        , 1315686788000    , 'Blue Ivy Carter, new daughter of Beyonce and JayZ, is already making chart history! Daddy Z features cute cries from little Princess B on his new track, Glory, making her the youngest person ever to appear in the Billboard chart!'),
(32, true     , 'The Wanted would love to match the drama and musicality of the Take That shows on their upcoming tour. The boys start a 10 date US Tour on Jan 17th and then head back to the UK for their 1st show on February 15th at the Capital FM Arena in Nottingham.', 6           , 'DAILY'  , 'POPUP'       ,2        , 1315686788000    , 'The Wanted would love to match the drama and musicality of the Take That shows on their upcoming tour. The boys start a 10 date US Tour on Jan 17th and then head back to the UK for their 1st show on February 15th at the Capital FM Arena in Nottingham.'),
(33, true     , 'The NOW! Top 40 Chart delivers all the hits, all the time, straight to your mobile! Subscribed already? Congrats! If not, please get your groove on to keep the hits coming! Click in app or via your email! No email? Check your junk folder! Go for it!'  , 6           , 'WEEKLY' , 'NOTIFICATION',3        , 1315686788000    , 'The NOW! Top 40 Chart delivers all the hits, all the time, straight to your mobile! Subscribed already? Congrats! If not, please get your groove on to keep the hits coming! Click in app or via your email! No email? Check your junk folder! Go for it!'),
(34, true     , 'Flipping back to music after producing new movie W.E., Madonna revealed that her 12th album will be called MDNA and will more than likely be released in March. The first single Gimme All Your Luvin will feature Nicki Minaj and MIA.'                    , 6           , null     , 'NEWS'        ,4        , 1315686788000    , 'Flipping back to music after producing new movie W.E., Madonna revealed that her 12th album will be called MDNA and will more than likely be released in March. The first single Gimme All Your Luvin will feature Nicki Minaj and MIA.'),
(35, true     , 'Grammy producers are keen for Adele to open the legendary awards ceremony in February but will have to wait for an answer as the singer is still recovering from throat surgery. The Someone Like You singer has been nominated for six awards.'            , 6           , 'ONCE'   , 'POPUP'       ,5        , 1315686788000    , 'Blue Ivy Carter, new daughter of Beyonce and JayZ, is already making chart history! Daddy Z features cute cries from little Princess B on his new track, Glory, making her the youngest person ever to appear in the Billboard chart!'),
(36, false    , 'MasterCard and the Brits have launched an amazing competition in which fans can duet with either JLS, Emeli Sande or Labrinth. The winner will get VIP tickets to the awards show itself AND appear in an advert with their favourite popstar!'             , 6           ,'DAILY'   , 'NOTIFICATION',6        , 1315686788000    , 'MasterCard and the Brits have launched an amazing competition in which fans can duet with either JLS, Emeli Sande or Labrinth. The winner will get VIP tickets to the awards show itself AND appear in an advert with their favourite popstar!'),
(37, true     , 'Cher Lloyd is engaged! According to reports, the Swagger Jagger hitmaker and her boyfriend, hairdresser Craig Monk, actually got engaged last month but have been trying to keep it a secret. Best of luck to the happy couple!'                            , 6           , null     , 'NEWS'        ,7        , 1315686788000    , 'Cher Lloyd is engaged! According to reports, the Swagger Jagger hitmaker and her boyfriend, hairdresser Craig Monk, actually got engaged last month but have been trying to keep it a secret. Best of luck to the happy couple!'),
(38, true     , 'Lady Gaga has apparently taken up darts! The Born This Way singer recently accompanied her Vampire Diaries actor boyfriend, Taylor Kinney, to a pub game and apparently she is hooked! Taylor partnered Gaga as her love interest in her video You and I.'  , 6           , null     , 'POPUP'       ,8        , 1315686788000    , 'Lady Gaga has apparently taken up darts! The Born This Way singer recently accompanied her Vampire Diaries actor boyfriend, Taylor Kinney, to a pub game and apparently she is hooked! Taylor partnered Gaga as her love interest in her video You and I.'),
(39, true     , 'With Little Mix winning X Factor, an original Sugababes reunion and a rumoured new 10th anniversary Girls Aloud album, 2012 looks like the year of the girl band! Wonder what the Spice Girls are up to?'                                                   , 6           , 'DAILY'  , 'NOTIFICATION',9        , 1315686788000    , 'With Little Mix winning X Factor, an original Sugababes reunion and a rumoured new 10th anniversary Girls Aloud album, 2012 looks like the year of the girl band! Wonder what the Spice Girls are up to?'),
(40, true     ,'The BRIT Awards 2012 will be held on Tuesday 21 February at The O2 Arena and broadcast live on ITV1. James Corden will host again this year and nominees have been announced. www.brits.co.uk'                                                               , 6           , null     , 'NEWS'        ,10       , 1315686788000    , 'The BRIT Awards 2012 will be held on Tuesday 21 February at The O2 Arena and broadcast live on ITV1. James Corden will host again this year and nominees have been announced. www.brits.co.uk'),
(41, true     , 'Blue Ivy Carter, new daughter of Beyonce and JayZ, is already making chart history! Daddy Z features cute cries from little Princess B on his new track, Glory, making her the youngest person ever to appear in the Billboard chart!'                      , 7           , null     , 'NEWS'        ,1        , 1315686788000    , 'Blue Ivy Carter, new daughter of Beyonce and JayZ, is already making chart history! Daddy Z features cute cries from little Princess B on his new track, Glory, making her the youngest person ever to appear in the Billboard chart!'),
(42, true     , 'The Wanted would love to match the drama and musicality of the Take That shows on their upcoming tour. The boys start a 10 date US Tour on Jan 17th and then head back to the UK for their 1st show on February 15th at the Capital FM Arena in Nottingham.', 7           , 'DAILY'  , 'POPUP'       ,2        , 1315686788000    , 'The Wanted would love to match the drama and musicality of the Take That shows on their upcoming tour. The boys start a 10 date US Tour on Jan 17th and then head back to the UK for their 1st show on February 15th at the Capital FM Arena in Nottingham.'),
(43, true     , 'The NOW! Top 40 Chart delivers all the hits, all the time, straight to your mobile! Subscribed already? Congrats! If not, please get your groove on to keep the hits coming! Click in app or via your email! No email? Check your junk folder! Go for it!'  , 7           , 'WEEKLY' , 'NOTIFICATION',3        , 1315686788000    , 'The NOW! Top 40 Chart delivers all the hits, all the time, straight to your mobile! Subscribed already? Congrats! If not, please get your groove on to keep the hits coming! Click in app or via your email! No email? Check your junk folder! Go for it!'),
(44, true     , 'Flipping back to music after producing new movie W.E., Madonna revealed that her 12th album will be called MDNA and will more than likely be released in March. The first single Gimme All Your Luvin will feature Nicki Minaj and MIA.'                    , 7           , null     , 'NEWS'        ,4        , 1315686788000    , 'Flipping back to music after producing new movie W.E., Madonna revealed that her 12th album will be called MDNA and will more than likely be released in March. The first single Gimme All Your Luvin will feature Nicki Minaj and MIA.'),
(45, true     , 'Grammy producers are keen for Adele to open the legendary awards ceremony in February but will have to wait for an answer as the singer is still recovering from throat surgery. The Someone Like You singer has been nominated for six awards.'            , 7           , 'ONCE'   , 'POPUP'       ,5        , 1315686788000    , 'Blue Ivy Carter, new daughter of Beyonce and JayZ, is already making chart history! Daddy Z features cute cries from little Princess B on his new track, Glory, making her the youngest person ever to appear in the Billboard chart!'),
(46, false    , 'MasterCard and the Brits have launched an amazing competition in which fans can duet with either JLS, Emeli Sande or Labrinth. The winner will get VIP tickets to the awards show itself AND appear in an advert with their favourite popstar!'             , 7           ,'DAILY'   , 'NOTIFICATION',6        , 1315686788000    , 'MasterCard and the Brits have launched an amazing competition in which fans can duet with either JLS, Emeli Sande or Labrinth. The winner will get VIP tickets to the awards show itself AND appear in an advert with their favourite popstar!'),
(47, true     , 'Cher Lloyd is engaged! According to reports, the Swagger Jagger hitmaker and her boyfriend, hairdresser Craig Monk, actually got engaged last month but have been trying to keep it a secret. Best of luck to the happy couple!'                            , 7           , null     , 'NEWS'        ,7        , 1315686788000    , 'Cher Lloyd is engaged! According to reports, the Swagger Jagger hitmaker and her boyfriend, hairdresser Craig Monk, actually got engaged last month but have been trying to keep it a secret. Best of luck to the happy couple!'),
(48, true     , 'Lady Gaga has apparently taken up darts! The Born This Way singer recently accompanied her Vampire Diaries actor boyfriend, Taylor Kinney, to a pub game and apparently she is hooked! Taylor partnered Gaga as her love interest in her video You and I.'  , 7           , null     , 'POPUP'       ,8        , 1315686788000    , 'Lady Gaga has apparently taken up darts! The Born This Way singer recently accompanied her Vampire Diaries actor boyfriend, Taylor Kinney, to a pub game and apparently she is hooked! Taylor partnered Gaga as her love interest in her video You and I.'),
(49, true     , 'With Little Mix winning X Factor, an original Sugababes reunion and a rumoured new 10th anniversary Girls Aloud album, 2012 looks like the year of the girl band! Wonder what the Spice Girls are up to?'                                                   , 7           , 'DAILY'  , 'NOTIFICATION',9        , 1315686788000    , 'With Little Mix winning X Factor, an original Sugababes reunion and a rumoured new 10th anniversary Girls Aloud album, 2012 looks like the year of the girl band! Wonder what the Spice Girls are up to?'),
(50, true     ,'The BRIT Awards 2012 will be held on Tuesday 21 February at The O2 Arena and broadcast live on ITV1. James Corden will host again this year and nominees have been announced. www.brits.co.uk'                                                               , 7           , null     , 'NEWS'        ,10       , 1315686788000    , 'The BRIT Awards 2012 will be held on Tuesday 21 February at The O2 Arena and broadcast live on ITV1. James Corden will host again this year and nominees have been announced. www.brits.co.uk'),
(51, true     , 'Blue Ivy Carter, new daughter of Beyonce and JayZ, is already making chart history! Daddy Z features cute cries from little Princess B on his new track, Glory, making her the youngest person ever to appear in the Billboard chart!'                      , 8           , null     , 'NEWS'        ,1        , 1315686788000    , 'Blue Ivy Carter, new daughter of Beyonce and JayZ, is already making chart history! Daddy Z features cute cries from little Princess B on his new track, Glory, making her the youngest person ever to appear in the Billboard chart!'),
(52, true     , 'The Wanted would love to match the drama and musicality of the Take That shows on their upcoming tour. The boys start a 10 date US Tour on Jan 17th and then head back to the UK for their 1st show on February 15th at the Capital FM Arena in Nottingham.', 8           , 'DAILY'  , 'POPUP'       ,2        , 1315686788000    , 'The Wanted would love to match the drama and musicality of the Take That shows on their upcoming tour. The boys start a 10 date US Tour on Jan 17th and then head back to the UK for their 1st show on February 15th at the Capital FM Arena in Nottingham.'),
(53, true     , 'The NOW! Top 40 Chart delivers all the hits, all the time, straight to your mobile! Subscribed already? Congrats! If not, please get your groove on to keep the hits coming! Click in app or via your email! No email? Check your junk folder! Go for it!'  , 8           , 'WEEKLY' , 'NOTIFICATION',3        , 1315686788000    , 'The NOW! Top 40 Chart delivers all the hits, all the time, straight to your mobile! Subscribed already? Congrats! If not, please get your groove on to keep the hits coming! Click in app or via your email! No email? Check your junk folder! Go for it!'),
(54, true     , 'Flipping back to music after producing new movie W.E., Madonna revealed that her 12th album will be called MDNA and will more than likely be released in March. The first single Gimme All Your Luvin will feature Nicki Minaj and MIA.'                    , 8           , null     , 'NEWS'        ,4        , 1315686788000    , 'Flipping back to music after producing new movie W.E., Madonna revealed that her 12th album will be called MDNA and will more than likely be released in March. The first single Gimme All Your Luvin will feature Nicki Minaj and MIA.'),
(55, true     , 'Grammy producers are keen for Adele to open the legendary awards ceremony in February but will have to wait for an answer as the singer is still recovering from throat surgery. The Someone Like You singer has been nominated for six awards.'            , 8           , 'ONCE'   , 'POPUP'       ,5        , 1315686788000    , 'Blue Ivy Carter, new daughter of Beyonce and JayZ, is already making chart history! Daddy Z features cute cries from little Princess B on his new track, Glory, making her the youngest person ever to appear in the Billboard chart!'),
(56, false    , 'MasterCard and the Brits have launched an amazing competition in which fans can duet with either JLS, Emeli Sande or Labrinth. The winner will get VIP tickets to the awards show itself AND appear in an advert with their favourite popstar!'             , 8           ,'DAILY'   , 'NOTIFICATION',6        , 1315686788000    , 'MasterCard and the Brits have launched an amazing competition in which fans can duet with either JLS, Emeli Sande or Labrinth. The winner will get VIP tickets to the awards show itself AND appear in an advert with their favourite popstar!'),
(57, true     , 'Cher Lloyd is engaged! According to reports, the Swagger Jagger hitmaker and her boyfriend, hairdresser Craig Monk, actually got engaged last month but have been trying to keep it a secret. Best of luck to the happy couple!'                            , 8           , null     , 'NEWS'        ,7        , 1315686788000    , 'Cher Lloyd is engaged! According to reports, the Swagger Jagger hitmaker and her boyfriend, hairdresser Craig Monk, actually got engaged last month but have been trying to keep it a secret. Best of luck to the happy couple!'),
(58, true     , 'Lady Gaga has apparently taken up darts! The Born This Way singer recently accompanied her Vampire Diaries actor boyfriend, Taylor Kinney, to a pub game and apparently she is hooked! Taylor partnered Gaga as her love interest in her video You and I.'  , 8           , null     , 'POPUP'       ,8        , 1315686788000    , 'Lady Gaga has apparently taken up darts! The Born This Way singer recently accompanied her Vampire Diaries actor boyfriend, Taylor Kinney, to a pub game and apparently she is hooked! Taylor partnered Gaga as her love interest in her video You and I.'),
(59, true     , 'With Little Mix winning X Factor, an original Sugababes reunion and a rumoured new 10th anniversary Girls Aloud album, 2012 looks like the year of the girl band! Wonder what the Spice Girls are up to?'                                                   , 8           , 'DAILY'  , 'NOTIFICATION',9        , 1315686788000    , 'With Little Mix winning X Factor, an original Sugababes reunion and a rumoured new 10th anniversary Girls Aloud album, 2012 looks like the year of the girl band! Wonder what the Spice Girls are up to?'),
(60, true     ,'The BRIT Awards 2012 will be held on Tuesday 21 February at The O2 Arena and broadcast live on ITV1. James Corden will host again this year and nominees have been announced. www.brits.co.uk'                                                               , 8           , null     , 'NEWS'        ,10       , 1315686788000    , 'The BRIT Awards 2012 will be held on Tuesday 21 February at The O2 Arena and broadcast live on ITV1. James Corden will host again this year and nominees have been announced. www.brits.co.uk');

insert into messages_filters 
(filterWithCtiteria_id, messages_id) values 
(6                    ,2),
(3                    ,3),
(4                    ,5),
(7                    ,6),
(2                    ,8),
(3                    ,9),
(8                    ,2),
(9                    ,3),
(10                   ,5),
(8                    ,6),
(11                   ,8),
(8                    ,9),

(6                    ,12),
(3                    ,13),
(4                    ,15),
(7                    ,16),
(2                    ,18),
(3                    ,19),
(8                    ,12),
(9                    ,13),
(10                   ,15),
(8                    ,16),
(11                   ,18),
(8                    ,19),

(6                    ,22),
(3                    ,23),
(4                    ,25),
(7                    ,26),
(2                    ,28),
(3                    ,29),
(8                    ,22),
(9                    ,23),
(10                   ,25),
(8                    ,26),
(11                   ,28),
(8                    ,29),

(6                    ,32),
(3                    ,33),
(4                    ,35),
(7                    ,36),
(2                    ,38),
(3                    ,39),
(8                    ,32),
(9                    ,33),
(10                   ,35),
(8                    ,36),
(11                   ,38),
(8                    ,39),

(6                    ,42),
(3                    ,43),
(4                    ,45),
(7                    ,46),
(2                    ,48),
(3                    ,49),
(8                    ,42),
(9                    ,43),
(10                   ,45),
(8                    ,46),
(11                   ,48),
(8                    ,49),

(6                    ,52),
(3                    ,53),
(4                    ,55),
(7                    ,56),
(2                    ,58),
(3                    ,59),
(8                    ,52),
(9                    ,53),
(10                   ,55),
(8                    ,56),
(11                   ,58),
(8                    ,59);

insert into tb_userStatus
(i , name) values 
(4 ,'EULA')      , 
(10,'SUBSCRIBED'), 
(11,'LIMITED');

INSERT INTO offers 
(id, community_id, currency, price , title       , coverFileName         , description) VALUES 
(1 ,3            ,'GBP'    ,'14.97','50 Cent Hat','offer_1343651044165_2','Great 50c hat, may be worn in any orientation. Keep cool in all conditions.'),
(2 ,4            ,'GBP'    ,'14.97','50 Cent Hat','offer_1343651044165_2','Great 50c hat, may be worn in any orientation. Keep cool in all conditions.'),
(3 ,5            ,'GBP'    ,'14.97','50 Cent Hat','offer_1343651044165_2','Great 50c hat, may be worn in any orientation. Keep cool in all conditions.'),
(4 ,6            ,'GBP'    ,'14.97','50 Cent Hat','offer_1343651044165_2','Great 50c hat, may be worn in any orientation. Keep cool in all conditions.'),
(5 ,7            ,'GBP'    ,'14.97','50 Cent Hat','offer_1343651044165_2','Great 50c hat, may be worn in any orientation. Keep cool in all conditions.'),
(6 ,8            ,'GBP'    ,'14.97','50 Cent Hat','offer_1343651044165_2','Great 50c hat, may be worn in any orientation. Keep cool in all conditions.');

insert into tb_artist 
(i , name                          , info                                                                                                                , realName) values 
(1 ,'CLASSIC CHOICE'               ,'Games third single and second UK hit was co-written with his fellow G-Unit member and sometime rival 50 Cent.'      ,'CLASSIC CHOICE');

insert into tb_files 
(i  , filename         , size  , fileType, version) values 
(1  ,'1XLS70CD_96.aud' ,2730299,3        ,2)   ,
(2  ,'1XLS70CD_48.aud' ,1364130,1        ,666) ,
(3  ,'1XLS70CD_48.hdr' ,76841  ,2        ,1)   ,
(4  ,'1XLS70CD_96.hdr' ,76841  ,1        ,9999),
(5  ,'1XLS70CDS.jpg'   ,2357   ,3        ,3)   ,
(6  ,'1XLS70CDL.jpg'   ,10718  ,3        ,2)   ,
(7  ,'1XLS70CDP.hdr'   ,57036  ,1        ,666) ,
(8  ,'1XLS70CDP.aud'   ,361306 ,2        ,1)   ,
(9  ,'1XLS70CD.jpg'    ,44593  ,3        ,4)   ,
(10 ,'1XLS70CD.mp3'    ,7421912,1        ,9999),
(11 ,'2XLS70CD_96.aud' ,2730299,3        ,2)   ,
(12 ,'2XLS70CD_48.aud' ,1364130,1        ,666) ,
(13 ,'2XLS70CD_48.hdr' ,76841  ,2        ,1)   ,
(14 ,'2XLS70CD_96.hdr' ,76841  ,1        ,9999),
(15 ,'2XLS70CDS.jpg'   ,2357   ,3        ,3)   ,
(16 ,'2XLS70CDL.jpg'   ,10718  ,3        ,2)   ,
(17 ,'2XLS70CDP.hdr'   ,57036  ,1        ,666) ,
(18 ,'2XLS70CDP.aud'   ,361306 ,2        ,1)   ,
(19 ,'2XLS70CD.jpg'    ,44593  ,3        ,4)   ,
(20 ,'2XLS70CD.mp3'    ,7421912,1        ,9999),
(21 ,'3XLS70CD_96.aud' ,2730299,3        ,2)   ,
(22 ,'3XLS70CD_48.aud' ,1364130,1        ,666) ,
(23 ,'3XLS70CD_48.hdr' ,76841  ,2        ,1)   ,
(24 ,'3XLS70CD_96.hdr' ,76841  ,1        ,9999),
(25 ,'3XLS70CDS.jpg'   ,2357   ,3        ,3)   ,
(26 ,'3XLS70CDL.jpg'   ,10718  ,3        ,2)   ,
(27 ,'3XLS70CDP.hdr'   ,57036  ,1        ,666) ,
(28 ,'3XLS70CDP.aud'   ,361306 ,2        ,1)   ,
(29 ,'3XLS70CD.jpg'    ,44593  ,3        ,4)   ,
(30 ,'3XLS70CD.mp3'    ,7421912,1        ,9999),
(31 ,'4XLS70CD_96.aud' ,2730299,3        ,2)   ,
(32 ,'4XLS70CD_48.aud' ,1364130,1        ,666) ,
(33 ,'4XLS70CD_48.hdr' ,76841  ,2        ,1)   ,
(34 ,'4XLS70CD_96.hdr' ,76841  ,1        ,9999),
(35 ,'4XLS70CDS.jpg'   ,2357   ,3        ,3)   ,
(36 ,'4XLS70CDL.jpg'   ,10718  ,3        ,2)   ,
(37 ,'4XLS70CDP.hdr'   ,57036  ,1        ,666) ,
(38 ,'4XLS70CDP.aud'   ,361306 ,2        ,1)   ,
(39 ,'4XLS70CD.jpg'    ,44593  ,3        ,4)   ,
(40 ,'4XLS70CD.mp3'    ,7421912,1        ,9999),
(41 ,'5XLS70CD_96.aud' ,2730299,3        ,2)   ,
(42 ,'5XLS70CD_48.aud' ,1364130,1        ,666) ,
(43 ,'5XLS70CD_48.hdr' ,76841  ,2        ,1)   ,
(44 ,'5XLS70CD_96.hdr' ,76841  ,1        ,9999),
(45 ,'5XLS70CDS.jpg'   ,2357   ,3        ,3)   ,
(46 ,'5XLS70CDL.jpg'   ,10718  ,3        ,2)   ,
(47 ,'5XLS70CDP.hdr'   ,57036  ,1        ,666) ,
(48 ,'5XLS70CDP.aud'   ,361306 ,2        ,1)   ,
(49 ,'5XLS70CD.jpg'    ,44593  ,3        ,4)   ,
(50 ,'5XLS70CD.mp3'    ,7421912,1        ,9999),
(51 ,'6XLS70CD_96.aud' ,2730299,3        ,2)   ,
(52 ,'6XLS70CD_48.aud' ,1364130,1        ,666) ,
(53 ,'6XLS70CD_48.hdr' ,76841  ,2        ,1)   ,
(54 ,'61XLS70CD_96.hdr',76841  ,1        ,9999),
(55 ,'6XLS70CDS.jpg'   ,2357   ,3        ,3)   ,
(56 ,'6XLS70CDL.jpg'   ,10718  ,3        ,2)   ,
(57 ,'6XLS70CDP.hdr'   ,57036  ,1        ,666) ,
(58 ,'6XLS70CDP.aud'   ,361306 ,2        ,1)   ,
(59 ,'6XLS70CD.jpg'    ,44593  ,3        ,4)   ,
(60 ,'6XLS70CD.mp3'    ,7421912,1        ,9999),
(61 ,'7XLS70CD_96.aud' ,2730299,3        ,2)   ,
(62 ,'7XLS70CD_48.aud' ,1364130,1        ,666) ,
(63 ,'7XLS70CD_48.hdr' ,76841  ,2        ,1)   ,
(64 ,'7XLS70CD_96.hdr' ,76841  ,1        ,9999),
(65 ,'7XLS70CDS.jpg'   ,2357   ,3        ,3)   ,
(66 ,'7XLS70CDL.jpg'   ,10718  ,3        ,2)   ,
(67 ,'7XLS70CDP.hdr'   ,57036  ,1        ,666) ,
(68 ,'7XLS70CDP.aud'   ,361306 ,2        ,1)   ,
(69 ,'7XLS70CD.jpg'    ,44593  ,3        ,4)   ,
(70 ,'8XLS70CD_96.aud' ,2730299,3        ,2)   ,
(71 ,'8XLS70CD_48.aud' ,1364130,1        ,666) ,
(72 ,'8XLS70CD_48.hdr' ,76841  ,2        ,1)   ,
(73 ,'8XLS70CD_96.hdr' ,76841  ,1        ,9999),
(74 ,'8XLS70CD.mp3'    ,7421912,1        ,9999),
(75 ,'8XLS70CDS.jpg'   ,2357   ,3        ,3)   ,
(76 ,'8XLS70CDL.jpg'   ,10718  ,3        ,2)   ,
(77 ,'8XLS70CDP.hdr'   ,57036  ,1        ,666) ,
(78 ,'8XLS70CDP.aud'   ,361306 ,2        ,1)   ,
(79 ,'8XLS70CD.jpg'    ,44593  ,3        ,4)   ,
(80 ,'8XLS70CD.mp3'    ,7421912,1        ,9999),
(81 ,'9XLS70CD_96.aud' ,2730299,3        ,2)   ,
(82 ,'9XLS70CD_48.aud' ,1364130,1        ,666) ,
(83 ,'9XLS70CD_48.hdr' ,76841  ,2        ,1)   ,
(84 ,'9XLS70CD_96.hdr' ,76841  ,1        ,9999),
(85 ,'9XLS70CDS.jpg'   ,2357   ,3        ,3)   ,
(86 ,'9XLS70CDL.jpg'   ,10718  ,3        ,2)   ,
(87 ,'9XLS70CDP.hdr'   ,57036  ,1        ,666) ,
(88 ,'9XLS70CDP.aud'   ,361306 ,2        ,1)   ,
(89 ,'9XLS70CD.jpg'    ,44593  ,3        ,4)   ,
(90 ,'9XLS70CD.mp3'    ,7421912,1        ,9999),
(91 ,'10XLS70CD_96.aud',2730299,3        ,2)   ,
(92 ,'10XLS70CD_48.aud',1364130,1        ,666) ,
(93 ,'10XLS70CD_48.hdr',76841  ,2        ,1)   ,
(94 ,'10XLS70CD_96.hdr',76841  ,1        ,9999),
(95 ,'10XLS70CDS.jpg'  ,2357   ,3        ,3)   ,
(96 ,'10XLS70CDL.jpg'  ,10718  ,3        ,2)   ,
(97 ,'10XLS70CDP.hdr'  ,57036  ,1        ,666) ,
(98 ,'10XLS70CDP.aud'  ,361306 ,2        ,1)   ,
(99 ,'10XLS70CD.jpg'   ,44593  ,3        ,4)   ,
(100,'10XLS70CD.mp3'   ,7421912,1        ,9999),
(101,'11XLS70CD_96.aud',2730299,3        ,2)   ,
(102,'11XLS70CD_48.aud',1364130,1        ,666) ,
(103,'11XLS70CD_48.hdr',76841  ,2        ,1)   ,
(104,'11XLS70CD_96.hdr',76841  ,1        ,9999),
(105,'11XLS70CDS.jpg'  ,2357   ,3        ,3)   ,
(106,'11XLS70CDL.jpg'  ,10718  ,3        ,2)   ,
(107,'11XLS70CDP.hdr'  ,57036  ,1        ,666) ,
(108,'11XLS70CDP.aud'  ,361306 ,2        ,1)   ,
(109,'11XLS70CD.jpg'   ,44593  ,3        ,4)   ,
(110,'11XLS70CD.mp3'   ,7421912,1        ,9999),
(111,'12XLS70CD_96.aud',2730299,3        ,2)   ,
(112,'12XLS70CD_48.aud',1364130,1        ,666) ,
(113,'12XLS70CD_48.hdr',76841  ,2        ,1)   ,
(114,'1XLS70CD_96.hdr' ,76841  ,1        ,9999),
(115,'12XLS70CDS.jpg'  ,2357   ,3        ,3)   ,
(116,'12XLS70CDL.jpg'  ,10718  ,3        ,2)   ,
(117,'12XLS70CDP.hdr'  ,57036  ,1        ,666) ,
(118,'12XLS70CDP.aud'  ,361306 ,2        ,1)   ,
(119,'12XLS70CD.jpg'   ,44593  ,3        ,4)   ,
(120,'12XLS70CD.mp3'   ,7421912,1        ,9999),
(121,'13XLS70CD_96.aud',2730299,3        ,2)   ,
(122,'13XLS70CD_48.aud',1364130,1        ,666) ,
(123,'13XLS70CD_48.hdr',76841  ,2        ,1)   ,
(124,'13XLS70CD_96.hdr',76841  ,1        ,9999),
(125,'13XLS70CDS.jpg'  ,2357   ,3        ,3)   ,
(126,'13XLS70CDL.jpg'  ,10718  ,3        ,2)   ,
(127,'13XLS70CDP.hdr'  ,57036  ,1        ,666) ,
(128,'13XLS70CDP.aud'  ,361306 ,2        ,1)   ,
(129,'13XLS70CD.jpg'   ,44593  ,3        ,4)   ,
(130,'13XLS70CD.mp3'   ,7421912,1        ,9999),
(131,'14XLS70CD_96.aud',2730299,3        ,2)   ,
(132,'14XLS70CD_48.aud',1364130,1        ,666) ,
(133,'14XLS70CD_48.hdr',76841  ,2        ,1)   ,
(134,'14XLS70CD_96.hdr',76841  ,1        ,9999),
(135,'14XLS70CDS.jpg'  ,2357   ,3        ,3)   ,
(136,'14XLS70CDL.jpg'  ,10718  ,3        ,2)   ,
(137,'14XLS70CDP.hdr'  ,57036  ,1        ,666) ,
(138,'14XLS70CDP.aud'  ,361306 ,2        ,1)   ,
(139,'14XLS70CD.jpg'   ,44593  ,3        ,4)   ,
(140,'14XLS70CD.mp3'   ,7421912,1        ,9999),
(141,'15XLS70CD_96.aud',2730299,3        ,2)   ,
(142,'15XLS70CD_48.aud',1364130,1        ,666) ,
(143,'15XLS70CD_48.hdr',76841  ,2        ,1)   ,
(144,'15XLS70CD_96.hdr',76841  ,1        ,9999),
(145,'15XLS70CDS.jpg'  ,2357   ,3        ,3)   ,
(146,'15XLS70CDL.jpg'  ,10718  ,3        ,2)   ,
(147,'15XLS70CDP.hdr'  ,57036  ,1        ,666) ,
(148,'15XLS70CDP.aud'  ,361306 ,2        ,1)   ,
(149,'15XLS70CD.jpg'   ,44593  ,3        ,4)   ,
(150,'15XLS70CD.mp3'   ,7421912,1        ,9999),
(151,'16XLS70CD_96.aud',2730299,3        ,2)   ,
(152,'16XLS70CD_48.aud',1364130,1        ,666) ,
(153,'16XLS70CD_48.hdr',76841  ,2        ,1)   ,
(154,'16XLS70CD_96.hdr',76841  ,1        ,9999),
(155,'16XLS70CDS.jpg'  ,2357   ,3        ,3)   ,
(156,'16XLS70CDL.jpg'  ,10718  ,3        ,2)   ,
(157,'16XLS70CDP.hdr'  ,57036  ,1        ,666) ,
(158,'16XLS70CDP.aud'  ,361306 ,2        ,1)   ,
(159,'16XLS70CD.jpg'   ,44593  ,3        ,4)   ,
(160,'16XLS70CD.mp3'   ,7421912,1        ,9999),
(161,'17XLS70CD_96.aud',2730299,3        ,2)   ,
(162,'17XLS70CD_48.aud',1364130,1        ,666) ,
(163,'17XLS70CD_48.hdr',76841  ,2        ,1)   ,
(164,'17XLS70CD_96.hdr',76841  ,1        ,9999),
(165,'17XLS70CDS.jpg'  ,2357   ,3        ,3)   ,
(166,'17XLS70CDL.jpg'  ,10718  ,3        ,2)   ,
(167,'17XLS70CDP.hdr'  ,57036  ,1        ,666) ,
(168,'17XLS70CDP.aud'  ,361306 ,2        ,1)   ,
(169,'17XLS70CD.jpg'   ,44593  ,3        ,4)   ,
(170,'17XLS70CD.mp3'   ,7421912,1        ,9999),
(171,'18XLS70CD_96.aud',2730299,3        ,2)   ,
(172,'18XLS70CD_48.aud',1364130,1        ,666) ,
(173,'18XLS70CD_48.hdr',76841  ,2        ,1)   ,
(174,'18XLS70CD_96.hdr',76841  ,1        ,9999),
(175,'18XLS70CDS.jpg'  ,2357   ,3        ,3)   ,
(176,'18XLS70CDL.jpg'  ,10718  ,3        ,2)   ,
(177,'18XLS70CDP.hdr'  ,57036  ,1        ,666) ,
(178,'18XLS70CDP.aud'  ,361306 ,2        ,1)   ,
(179,'18XLS70CD.jpg'   ,44593  ,3        ,4)   ,
(180,'18XLS70CD.mp3'   ,7421912,1        ,9999),
(181,'19XLS70CD_96.aud',2730299,3        ,2)   ,
(182,'19XLS70CD_48.aud',1364130,1        ,666) ,
(183,'19XLS70CD_48.hdr',76841  ,2        ,1)   ,
(184,'19XLS70CD_96.hdr',76841  ,1        ,9999),
(185,'19XLS70CDS.jpg'  ,2357   ,3        ,3)   ,
(186,'19XLS70CDL.jpg'  ,10718  ,3        ,2)   ,
(187,'19XLS70CDP.hdr'  ,57036  ,1        ,666) ,
(188,'19XLS70CDP.aud'  ,361306 ,2        ,1)   ,
(189,'19XLS70CD.jpg'   ,44593  ,3        ,4)   ,
(190,'19XLS70CD.mp3'   ,7421912,1        ,9999),
(191,'20XLS70CD_96.aud',2730299,3        ,2)   ,
(192,'20XLS70CD_48.aud',1364130,1        ,666) ,
(193,'20XLS70CD_48.hdr',76841  ,2        ,1)   ,
(194,'20XLS70CD_96.hdr',76841  ,1        ,9999),
(195,'20XLS70CDS.jpg'  ,2357   ,3        ,3)   ,
(196,'20XLS70CDL.jpg'  ,10718  ,3        ,2)   ,
(197,'20XLS70CDP.hdr'  ,57036  ,1        ,666) ,
(198,'20XLS70CDP.aud'  ,361306 ,2        ,1)   ,
(199,'20XLS70CD.jpg'   ,44593  ,3        ,4)   ,
(200,'20XLS70CD.mp3'   ,7421912,1        ,9999),
(201,'21XLS70CD_96.aud',2730299,3        ,2)   ,
(202,'21XLS70CD_48.aud',1364130,1        ,666) ,
(203,'21XLS70CD_48.hdr',76841  ,2        ,1)   ,
(204,'21XLS70CD_96.hdr',76841  ,1        ,9999),
(205,'21XLS70CDS.jpg'  ,2357   ,3        ,3)   ,
(206,'21XLS70CDL.jpg'  ,10718  ,3        ,2)   ,
(207,'21XLS70CDP.hdr'  ,57036  ,1        ,666) ,
(208,'21XLS70CDP.aud'  ,361306 ,2        ,1)   ,
(209,'21XLS70CD.jpg'   ,44593  ,3        ,4)   ,
(210,'21XLS70CD.mp3'   ,7421912,1        ,9999);

insert into item
(i , price, title              , type) values
(1 , 1.00 , 'Party Rock Anthem', 'MEDIA'),
(2 , 1.00 , 'Party Rock Anthem', 'MEDIA'),
(3 , 1.00 , 'Party Rock Anthem', 'MEDIA'),
(4 , 1.00 , 'Party Rock Anthem', 'MEDIA'),
(5 , 1.00 , 'Party Rock Anthem', 'MEDIA'),
(6 , 1.00 , 'Party Rock Anthem', 'MEDIA'),
(7 , 1.00 , 'Party Rock Anthem', 'MEDIA'),
(8 , 1.00 , 'Party Rock Anthem', 'MEDIA'),
(9 , 1.00 , 'Party Rock Anthem', 'MEDIA'),
(10, 1.00 , 'Party Rock Anthem', 'MEDIA'),
(11, 1.00 , 'Party Rock Anthem', 'MEDIA'),
(12, 1.00 , 'Party Rock Anthem', 'MEDIA'),
(13, 1.00 , 'Party Rock Anthem', 'MEDIA'),
(14, 1.00 , 'Party Rock Anthem', 'MEDIA'),
(15, 1.00 , 'Party Rock Anthem', 'MEDIA'),
(16, 1.00 , 'Party Rock Anthem', 'MEDIA'),
(17, 1.00 , 'Party Rock Anthem', 'MEDIA'),
(18, 1.00 , 'Party Rock Anthem', 'MEDIA'),
(19, 1.00 , 'Party Rock Anthem', 'MEDIA'),
(20, 1.00 , 'Party Rock Anthem', 'MEDIA'),
(21, 1.00 , 'Party Rock Anthem', 'MEDIA');

insert into tb_media 
(i , isrc       ,artist,audioFile,headerFile,imageFileSmall,imageFIleLarge,genre,label,price_currency,imgFileResolution,purchasedFile,audioPreviewFile,headerPreviewFile,iTunesUrl                                                                                                                                                 , publishDate) values 
(1 , '1XLS70CD' ,1     ,2        ,3         ,5             ,6             ,1    ,9    ,'WEEK'        ,9                ,10           ,8               ,7                ,'http://clkuk.tradedoubler.com/click?p=23708%26a=1997010%26url=http://itunes.apple.com/gb/album/firestarter/id20913017?i=20913006%26uo=4%26partnerId=2003', 1417366688),
(2 , '2XLS70CD' ,1     ,12       ,13        ,15            ,16            ,1    ,9    ,'WEEK'        ,19               ,20           ,18              ,17               ,'http://clkuk.tradedoubler.com/click?p=23708%26a=1997010%26url=http://itunes.apple.com/gb/album/firestarter/id20913017?i=20913006%26uo=4%26partnerId=2003', 1417366688),
(3 , '3XLS70CD' ,1     ,22       ,23        ,25            ,26            ,1    ,9    ,'WEEK'        ,29               ,30           ,28              ,27               ,'http://clkuk.tradedoubler.com/click?p=23708%26a=1997010%26url=http://itunes.apple.com/gb/album/firestarter/id20913017?i=20913006%26uo=4%26partnerId=2003', 1417366688),
(4 , '4XLS70CD' ,1     ,32       ,33        ,35            ,36            ,1    ,9    ,'WEEK'        ,39               ,40           ,38              ,37               ,'http://clkuk.tradedoubler.com/click?p=23708%26a=1997010%26url=http://itunes.apple.com/gb/album/firestarter/id20913017?i=20913006%26uo=4%26partnerId=2003', 1417366688),
(5 , '5XLS70CD' ,1     ,42       ,43        ,45            ,46            ,1    ,9    ,'WEEK'        ,49               ,50           ,48              ,47               ,'http://clkuk.tradedoubler.com/click?p=23708%26a=1997010%26url=http://itunes.apple.com/gb/album/firestarter/id20913017?i=20913006%26uo=4%26partnerId=2003', 1417366688),
(6 , '6XLS70CD' ,1     ,52       ,53        ,55            ,56            ,1    ,9    ,'WEEK'        ,59               ,60           ,58              ,57               ,'http://clkuk.tradedoubler.com/click?p=23708%26a=1997010%26url=http://itunes.apple.com/gb/album/firestarter/id20913017?i=20913006%26uo=4%26partnerId=2003', 1417366688),
(7 , '7XLS70CD' ,1     ,62       ,63        ,65            ,66            ,1    ,9    ,'WEEK'        ,69               ,70           ,68              ,67               ,'http://clkuk.tradedoubler.com/click?p=23708%26a=1997010%26url=http://itunes.apple.com/gb/album/firestarter/id20913017?i=20913006%26uo=4%26partnerId=2003', 1417366688),
(8 , '8XLS70CD' ,1     ,72       ,73        ,75            ,76            ,1    ,9    ,'WEEK'        ,79               ,80           ,78              ,77               ,'http://clkuk.tradedoubler.com/click?p=23708%26a=1997010%26url=http://itunes.apple.com/gb/album/firestarter/id20913017?i=20913006%26uo=4%26partnerId=2003', 1417366688),
(9 , '9XLS70CD' ,1     ,82       ,83        ,85            ,86            ,1    ,9    ,'WEEK'        ,89               ,90           ,88              ,87               ,'http://clkuk.tradedoubler.com/click?p=23708%26a=1997010%26url=http://itunes.apple.com/gb/album/firestarter/id20913017?i=20913006%26uo=4%26partnerId=2003', 1417366688),
(10, '10XLS70CD',1     ,92       ,93        ,95            ,96            ,1    ,9    ,'WEEK'        ,99               ,100          ,98              ,97               ,'http://clkuk.tradedoubler.com/click?p=23708%26a=1997010%26url=http://itunes.apple.com/gb/album/firestarter/id20913017?i=20913006%26uo=4%26partnerId=2003', 1417366688),
(11, '11XLS70CD',1     ,102      ,103       ,105           ,106           ,1    ,9    ,'WEEK'        ,109              ,110          ,108             ,107              ,'http://clkuk.tradedoubler.com/click?p=23708%26a=1997010%26url=http://itunes.apple.com/gb/album/firestarter/id20913017?i=20913006%26uo=4%26partnerId=2003', 1417366688),
(12, '12XLS70CD',1     ,112      ,113       ,115           ,116           ,1    ,9    ,'WEEK'        ,119              ,120          ,118             ,117              ,'http://clkuk.tradedoubler.com/click?p=23708%26a=1997010%26url=http://itunes.apple.com/gb/album/firestarter/id20913017?i=20913006%26uo=4%26partnerId=2003', 1417366688),
(13, '13XLS70CD',1     ,122      ,123       ,125           ,126           ,1    ,9    ,'WEEK'        ,129              ,130          ,128             ,127              ,'http://clkuk.tradedoubler.com/click?p=23708%26a=1997010%26url=http://itunes.apple.com/gb/album/firestarter/id20913017?i=20913006%26uo=4%26partnerId=2003', 1417366688),
(14, '14XLS70CD',1     ,132      ,133       ,135           ,136           ,1    ,9    ,'WEEK'        ,139              ,140          ,138             ,137              ,'http://clkuk.tradedoubler.com/click?p=23708%26a=1997010%26url=http://itunes.apple.com/gb/album/firestarter/id20913017?i=20913006%26uo=4%26partnerId=2003', 1417366688),
(15, '15XLS70CD',1     ,142      ,143       ,145           ,146           ,1    ,9    ,'WEEK'        ,149              ,150          ,148             ,147              ,'http://clkuk.tradedoubler.com/click?p=23708%26a=1997010%26url=http://itunes.apple.com/gb/album/firestarter/id20913017?i=20913006%26uo=4%26partnerId=2003', 1417366688),
(16, '16XLS70CD',1     ,152      ,153       ,155           ,156           ,1    ,9    ,'WEEK'        ,159              ,160          ,158             ,157              ,'http://clkuk.tradedoubler.com/click?p=23708%26a=1997010%26url=http://itunes.apple.com/gb/album/firestarter/id20913017?i=20913006%26uo=4%26partnerId=2003', 1417366688),
(17, '17XLS70CD',1     ,162      ,163       ,165           ,166           ,1    ,9    ,'WEEK'        ,169              ,170          ,168             ,167              ,'http://clkuk.tradedoubler.com/click?p=23708%26a=1997010%26url=http://itunes.apple.com/gb/album/firestarter/id20913017?i=20913006%26uo=4%26partnerId=2003', 1417366688),
(18,' 18XLS70CD',1     ,172      ,173       ,175           ,176           ,1    ,9    ,'WEEK'        ,179              ,180          ,178             ,177              ,'http://clkuk.tradedoubler.com/click?p=23708%26a=1997010%26url=http://itunes.apple.com/gb/album/firestarter/id20913017?i=20913006%26uo=4%26partnerId=2003', 1417366688),
(19,' 19XLS70CD',1     ,182      ,183       ,185           ,186           ,1    ,9    ,'WEEK'        ,189              ,190          ,188             ,187              ,'http://clkuk.tradedoubler.com/click?p=23708%26a=1997010%26url=http://itunes.apple.com/gb/album/firestarter/id20913017?i=20913006%26uo=4%26partnerId=2003', 1417366688),
(20,' 20XLS70CD',1     ,192      ,193       ,195           ,196           ,1    ,9    ,'WEEK'        ,199              ,200          ,198             ,197              ,'http://clkuk.tradedoubler.com/click?p=23708%26a=1997010%26url=http://itunes.apple.com/gb/album/firestarter/id20913017?i=20913006%26uo=4%26partnerId=2003', 1417366688),
(21,' 21XLS70CD',1     ,202      ,203       ,205           ,206           ,1    ,9    ,'WEEK'        ,209              ,210          ,208             ,207              ,'http://clkuk.tradedoubler.com/click?p=23708%26a=1997010%26url=http://itunes.apple.com/gb/album/firestarter/id20913017?i=20913006%26uo=4%26partnerId=2003', 1417366688);

insert into tb_chartDetail 
(i  ,chart,position,media,prevPosition,chgPosition,info                                                                                                                  , publishTimeMillis, channel     , version) values
(1  ,3    ,1       ,1    ,1           ,3          ,'It was 10th single lucky for the dance-punk pioneers; as Firestarter gave them their first number one; back in 1996.',0                 , null        , 98),
(2  ,3    ,2       ,2    ,2           ,3          ,'It was 10th single lucky for the dance-punk pioneers; as Firestarter gave them their first number one; back in 1996.',0                 , null        , 98),
(3  ,3    ,3       ,3    ,3           ,3          ,'It was 10th single lucky for the dance-punk pioneers; as Firestarter gave them their first number one; back in 1996.',0                 , null        , 98),
(4  ,3    ,4       ,4    ,4           ,3          ,'It was 10th single lucky for the dance-punk pioneers; as Firestarter gave them their first number one; back in 1996.',0                 , null        , 98),
(5  ,3    ,5       ,5    ,5           ,3          ,'It was 10th single lucky for the dance-punk pioneers; as Firestarter gave them their first number one; back in 1996.',0                 , null        , 98),
(6  ,3    ,6       ,6    ,6           ,3          ,'It was 10th single lucky for the dance-punk pioneers; as Firestarter gave them their first number one; back in 1996.',0                 , null        , 98),
(7  ,3    ,7       ,7    ,7           ,3          ,'It was 10th single lucky for the dance-punk pioneers; as Firestarter gave them their first number one; back in 1996.',0                 , null        , 98),
(8  ,3    ,8       ,8    ,8           ,3          ,'It was 10th single lucky for the dance-punk pioneers; as Firestarter gave them their first number one; back in 1996.',0                 , null        , 98),
(9  ,3    ,9       ,9    ,9           ,3          ,'It was 10th single lucky for the dance-punk pioneers; as Firestarter gave them their first number one; back in 1996.',0                 , null        , 98),
(10 ,3    ,10      ,10   ,10          ,3          ,'It was 10th single lucky for the dance-punk pioneers; as Firestarter gave them their first number one; back in 1996.',0                 , null        , 98),
(11 ,3    ,11      ,11   ,11          ,3          ,'It was 10th single lucky for the dance-punk pioneers; as Firestarter gave them their first number one; back in 1996.',0                 , null        , 98),
(12 ,3    ,12      ,12   ,12          ,3          ,'It was 10th single lucky for the dance-punk pioneers; as Firestarter gave them their first number one; back in 1996.',0                 , null        , 98),
(13 ,3    ,13      ,13   ,13          ,3          ,'It was 10th single lucky for the dance-punk pioneers; as Firestarter gave them their first number one; back in 1996.',0                 , null        , 98),
(14 ,3    ,14      ,14   ,14          ,3          ,'It was 10th single lucky for the dance-punk pioneers; as Firestarter gave them their first number one; back in 1996.',0                 , null        , 98),
(15 ,3    ,15      ,15   ,15          ,3          ,'It was 10th single lucky for the dance-punk pioneers; as Firestarter gave them their first number one; back in 1996.',0                 , null        , 98),
(16 ,3    ,16      ,16   ,16          ,3          ,'It was 10th single lucky for the dance-punk pioneers; as Firestarter gave them their first number one; back in 1996.',0                 , 'HEATSEEKER', 98),
(17 ,3    ,17      ,17   ,17          ,3          ,'It was 10th single lucky for the dance-punk pioneers; as Firestarter gave them their first number one; back in 1996.',0                 , 'HEATSEEKER', 98),
(18 ,3    ,18      ,18   ,18          ,3          ,'It was 10th single lucky for the dance-punk pioneers; as Firestarter gave them their first number one; back in 1996.',0                 , 'HEATSEEKER', 98),
(19 ,3    ,19      ,19   ,19          ,3          ,'It was 10th single lucky for the dance-punk pioneers; as Firestarter gave them their first number one; back in 1996.',0                 , 'HEATSEEKER', 98),
(20 ,3    ,20      ,20   ,20          ,3          ,'It was 10th single lucky for the dance-punk pioneers; as Firestarter gave them their first number one; back in 1996.',0                 , 'HEATSEEKER', 98),
(21 ,3    ,21      ,21   ,21          ,3          ,'It was 10th single lucky for the dance-punk pioneers; as Firestarter gave them their first number one; back in 1996.',0                 , 'HEATSEEKER', 98),
(22 ,4    ,1       ,1    ,1           ,3          ,'It was 10th single lucky for the dance-punk pioneers; as Firestarter gave them their first number one; back in 1996.',0                 , null        , 98),
(23 ,4    ,2       ,2    ,2           ,3          ,'It was 10th single lucky for the dance-punk pioneers; as Firestarter gave them their first number one; back in 1996.',0                 , null        , 98),
(24 ,4    ,3       ,3    ,3           ,3          ,'It was 10th single lucky for the dance-punk pioneers; as Firestarter gave them their first number one; back in 1996.',0                 , null        , 98),
(25 ,4    ,4       ,4    ,4           ,3          ,'It was 10th single lucky for the dance-punk pioneers; as Firestarter gave them their first number one; back in 1996.',0                 , null        , 98),
(26 ,4    ,5       ,5    ,5           ,3          ,'It was 10th single lucky for the dance-punk pioneers; as Firestarter gave them their first number one; back in 1996.',0                 , null        , 98),
(27 ,4    ,6       ,6    ,6           ,3          ,'It was 10th single lucky for the dance-punk pioneers; as Firestarter gave them their first number one; back in 1996.',0                 , null        , 98),
(28 ,4    ,7       ,7    ,7           ,3          ,'It was 10th single lucky for the dance-punk pioneers; as Firestarter gave them their first number one; back in 1996.',0                 , null        , 98),
(29 ,4    ,8       ,8    ,8           ,3          ,'It was 10th single lucky for the dance-punk pioneers; as Firestarter gave them their first number one; back in 1996.',0                 , null        , 98),
(30 ,4    ,9       ,9    ,9           ,3          ,'It was 10th single lucky for the dance-punk pioneers; as Firestarter gave them their first number one; back in 1996.',0                 , null        , 98),
(31 ,4    ,10      ,10   ,10          ,3          ,'It was 10th single lucky for the dance-punk pioneers; as Firestarter gave them their first number one; back in 1996.',0                 , null        , 98),
(32 ,4    ,11      ,11   ,11          ,3          ,'It was 10th single lucky for the dance-punk pioneers; as Firestarter gave them their first number one; back in 1996.',0                 , null        , 98),
(33 ,4    ,12      ,12   ,12          ,3          ,'It was 10th single lucky for the dance-punk pioneers; as Firestarter gave them their first number one; back in 1996.',0                 , null        , 98),
(34 ,4    ,13      ,13   ,13          ,3          ,'It was 10th single lucky for the dance-punk pioneers; as Firestarter gave them their first number one; back in 1996.',0                 , null        , 98),
(35 ,4    ,14      ,14   ,14          ,3          ,'It was 10th single lucky for the dance-punk pioneers; as Firestarter gave them their first number one; back in 1996.',0                 , null        , 98),
(36 ,4    ,15      ,15   ,15          ,3          ,'It was 10th single lucky for the dance-punk pioneers; as Firestarter gave them their first number one; back in 1996.',0                 , null        , 98),
(37 ,4    ,16      ,16   ,16          ,3          ,'It was 10th single lucky for the dance-punk pioneers; as Firestarter gave them their first number one; back in 1996.',0                 , 'HEATSEEKER', 98),
(38 ,4    ,17      ,17   ,17          ,3          ,'It was 10th single lucky for the dance-punk pioneers; as Firestarter gave them their first number one; back in 1996.',0                 , 'HEATSEEKER', 98),
(39 ,4    ,18      ,18   ,18          ,3          ,'It was 10th single lucky for the dance-punk pioneers; as Firestarter gave them their first number one; back in 1996.',0                 , 'HEATSEEKER', 98),
(40 ,4    ,19      ,19   ,19          ,3          ,'It was 10th single lucky for the dance-punk pioneers; as Firestarter gave them their first number one; back in 1996.',0                 , 'HEATSEEKER', 98),
(41 ,4    ,20      ,20   ,20          ,3          ,'It was 10th single lucky for the dance-punk pioneers; as Firestarter gave them their first number one; back in 1996.',0                 , 'HEATSEEKER', 98),
(42 ,4    ,21      ,21   ,21          ,3          ,'It was 10th single lucky for the dance-punk pioneers; as Firestarter gave them their first number one; back in 1996.',0                 , 'HEATSEEKER', 98),
(43 ,5    ,1       ,1    ,1           ,3          ,'It was 10th single lucky for the dance-punk pioneers; as Firestarter gave them their first number one; back in 1996.',0                 , null        , 98),
(44 ,5    ,2       ,2    ,2           ,3          ,'It was 10th single lucky for the dance-punk pioneers; as Firestarter gave them their first number one; back in 1996.',0                 , null        , 98),
(45 ,5    ,3       ,3    ,3           ,3          ,'It was 10th single lucky for the dance-punk pioneers; as Firestarter gave them their first number one; back in 1996.',0                 , null        , 98),
(46 ,5    ,4       ,4    ,4           ,3          ,'It was 10th single lucky for the dance-punk pioneers; as Firestarter gave them their first number one; back in 1996.',0                 , null        , 98),
(47 ,5    ,5       ,5    ,5           ,3          ,'It was 10th single lucky for the dance-punk pioneers; as Firestarter gave them their first number one; back in 1996.',0                 , null        , 98),
(48 ,5    ,6       ,6    ,6           ,3          ,'It was 10th single lucky for the dance-punk pioneers; as Firestarter gave them their first number one; back in 1996.',0                 , null        , 98),
(49 ,5    ,7       ,7    ,7           ,3          ,'It was 10th single lucky for the dance-punk pioneers; as Firestarter gave them their first number one; back in 1996.',0                 , null        , 98),
(50 ,5    ,8       ,8    ,8           ,3          ,'It was 10th single lucky for the dance-punk pioneers; as Firestarter gave them their first number one; back in 1996.',0                 , null        , 98),
(51 ,5    ,9       ,9    ,9           ,3          ,'It was 10th single lucky for the dance-punk pioneers; as Firestarter gave them their first number one; back in 1996.',0                 , null        , 98),
(52 ,5    ,10      ,10   ,10          ,3          ,'It was 10th single lucky for the dance-punk pioneers; as Firestarter gave them their first number one; back in 1996.',0                 , null        , 98),
(53 ,5    ,11      ,11   ,11          ,3          ,'It was 10th single lucky for the dance-punk pioneers; as Firestarter gave them their first number one; back in 1996.',0                 , null        , 98),
(54 ,5    ,12      ,12   ,12          ,3          ,'It was 10th single lucky for the dance-punk pioneers; as Firestarter gave them their first number one; back in 1996.',0                 , null        , 98),
(55 ,5    ,13      ,13   ,13          ,3          ,'It was 10th single lucky for the dance-punk pioneers; as Firestarter gave them their first number one; back in 1996.',0                 , null        , 98),
(56 ,5    ,14      ,14   ,14          ,3          ,'It was 10th single lucky for the dance-punk pioneers; as Firestarter gave them their first number one; back in 1996.',0                 , null        , 98),
(57 ,5    ,15      ,15   ,15          ,3          ,'It was 10th single lucky for the dance-punk pioneers; as Firestarter gave them their first number one; back in 1996.',0                 , null        , 98),
(58 ,5    ,16      ,16   ,16          ,3          ,'It was 10th single lucky for the dance-punk pioneers; as Firestarter gave them their first number one; back in 1996.',0                 , 'HEATSEEKER', 98),
(59 ,5    ,17      ,17   ,17          ,3          ,'It was 10th single lucky for the dance-punk pioneers; as Firestarter gave them their first number one; back in 1996.',0                 , 'HEATSEEKER', 98),
(60 ,5    ,18      ,18   ,18          ,3          ,'It was 10th single lucky for the dance-punk pioneers; as Firestarter gave them their first number one; back in 1996.',0                 , 'HEATSEEKER', 98),
(61 ,5    ,19      ,19   ,19          ,3          ,'It was 10th single lucky for the dance-punk pioneers; as Firestarter gave them their first number one; back in 1996.',0                 , 'HEATSEEKER', 98),
(62 ,5    ,20      ,20   ,20          ,3          ,'It was 10th single lucky for the dance-punk pioneers; as Firestarter gave them their first number one; back in 1996.',0                 , 'HEATSEEKER', 98),
(63 ,5    ,21      ,21   ,21          ,3          ,'It was 10th single lucky for the dance-punk pioneers; as Firestarter gave them their first number one; back in 1996.',0                 , 'HEATSEEKER', 98),
(64 ,6    ,1       ,1    ,1           ,3          ,'It was 10th single lucky for the dance-punk pioneers; as Firestarter gave them their first number one; back in 1996.',0                 , null        , 98),
(65 ,6    ,2       ,2    ,2           ,3          ,'It was 10th single lucky for the dance-punk pioneers; as Firestarter gave them their first number one; back in 1996.',0                 , null        , 98),
(66 ,6    ,3       ,3    ,3           ,3          ,'It was 10th single lucky for the dance-punk pioneers; as Firestarter gave them their first number one; back in 1996.',0                 , null        , 98),
(67 ,6    ,4       ,4    ,4           ,3          ,'It was 10th single lucky for the dance-punk pioneers; as Firestarter gave them their first number one; back in 1996.',0                 , null        , 98),
(68 ,6    ,5       ,5    ,5           ,3          ,'It was 10th single lucky for the dance-punk pioneers; as Firestarter gave them their first number one; back in 1996.',0                 , null        , 98),
(69 ,6    ,6       ,6    ,6           ,3          ,'It was 10th single lucky for the dance-punk pioneers; as Firestarter gave them their first number one; back in 1996.',0                 , null        , 98),
(70 ,6    ,7       ,7    ,7           ,3          ,'It was 10th single lucky for the dance-punk pioneers; as Firestarter gave them their first number one; back in 1996.',0                 , null        , 98),
(71 ,6    ,8       ,8    ,8           ,3          ,'It was 10th single lucky for the dance-punk pioneers; as Firestarter gave them their first number one; back in 1996.',0                 , null        , 98),
(72 ,6    ,9       ,9    ,9           ,3          ,'It was 10th single lucky for the dance-punk pioneers; as Firestarter gave them their first number one; back in 1996.',0                 , null        , 98),
(73 ,6    ,10      ,10   ,10          ,3          ,'It was 10th single lucky for the dance-punk pioneers; as Firestarter gave them their first number one; back in 1996.',0                 , null        , 98),
(74 ,6    ,11      ,11   ,11          ,3          ,'It was 10th single lucky for the dance-punk pioneers; as Firestarter gave them their first number one; back in 1996.',0                 , null        , 98),
(75 ,6    ,12      ,12   ,12          ,3          ,'It was 10th single lucky for the dance-punk pioneers; as Firestarter gave them their first number one; back in 1996.',0                 , null        , 98),
(76 ,6    ,13      ,13   ,13          ,3          ,'It was 10th single lucky for the dance-punk pioneers; as Firestarter gave them their first number one; back in 1996.',0                 , null        , 98),
(77 ,6    ,14      ,14   ,14          ,3          ,'It was 10th single lucky for the dance-punk pioneers; as Firestarter gave them their first number one; back in 1996.',0                 , null        , 98),
(78 ,6    ,15      ,15   ,15          ,3          ,'It was 10th single lucky for the dance-punk pioneers; as Firestarter gave them their first number one; back in 1996.',0                 , null        , 98),
(79 ,6    ,16      ,16   ,16          ,3          ,'It was 10th single lucky for the dance-punk pioneers; as Firestarter gave them their first number one; back in 1996.',0                 , 'HEATSEEKER', 98),
(80 ,6    ,17      ,17   ,17          ,3          ,'It was 10th single lucky for the dance-punk pioneers; as Firestarter gave them their first number one; back in 1996.',0                 , 'HEATSEEKER', 98),
(81 ,6    ,18      ,18   ,18          ,3          ,'It was 10th single lucky for the dance-punk pioneers; as Firestarter gave them their first number one; back in 1996.',0                 , 'HEATSEEKER', 98),
(82 ,6    ,19      ,19   ,19          ,3          ,'It was 10th single lucky for the dance-punk pioneers; as Firestarter gave them their first number one; back in 1996.',0                 , 'HEATSEEKER', 98),
(83 ,6    ,20      ,20   ,20          ,3          ,'It was 10th single lucky for the dance-punk pioneers; as Firestarter gave them their first number one; back in 1996.',0                 , 'HEATSEEKER', 98),
(84 ,6    ,21      ,21   ,21          ,3          ,'It was 10th single lucky for the dance-punk pioneers; as Firestarter gave them their first number one; back in 1996.',0                 , 'HEATSEEKER', 98),
(85 ,7    ,1       ,1    ,1           ,3          ,'It was 10th single lucky for the dance-punk pioneers; as Firestarter gave them their first number one; back in 1996.',0                 , null        , 98),
(86 ,7    ,2       ,2    ,2           ,3          ,'It was 10th single lucky for the dance-punk pioneers; as Firestarter gave them their first number one; back in 1996.',0                 , null        , 98),
(87 ,7    ,3       ,3    ,3           ,3          ,'It was 10th single lucky for the dance-punk pioneers; as Firestarter gave them their first number one; back in 1996.',0                 , null        , 98),
(88 ,7    ,4       ,4    ,4           ,3          ,'It was 10th single lucky for the dance-punk pioneers; as Firestarter gave them their first number one; back in 1996.',0                 , null        , 98),
(89 ,7    ,5       ,5    ,5           ,3          ,'It was 10th single lucky for the dance-punk pioneers; as Firestarter gave them their first number one; back in 1996.',0                 , null        , 98),
(90 ,7    ,6       ,6    ,6           ,3          ,'It was 10th single lucky for the dance-punk pioneers; as Firestarter gave them their first number one; back in 1996.',0                 , null        , 98),
(91 ,7    ,7       ,7    ,7           ,3          ,'It was 10th single lucky for the dance-punk pioneers; as Firestarter gave them their first number one; back in 1996.',0                 , null        , 98),
(92 ,7    ,8       ,8    ,8           ,3          ,'It was 10th single lucky for the dance-punk pioneers; as Firestarter gave them their first number one; back in 1996.',0                 , null        , 98),
(93 ,7    ,9       ,9    ,9           ,3          ,'It was 10th single lucky for the dance-punk pioneers; as Firestarter gave them their first number one; back in 1996.',0                 , null        , 98),
(94 ,8    ,10      ,10   ,10          ,3          ,'It was 10th single lucky for the dance-punk pioneers; as Firestarter gave them their first number one; back in 1996.',0                 , null        , 98),
(95 ,8    ,11      ,11   ,11          ,3          ,'It was 10th single lucky for the dance-punk pioneers; as Firestarter gave them their first number one; back in 1996.',0                 , null        , 98),
(96 ,8    ,12      ,12   ,12          ,3          ,'It was 10th single lucky for the dance-punk pioneers; as Firestarter gave them their first number one; back in 1996.',0                 , null        , 98),
(97 ,8    ,13      ,13   ,13          ,3          ,'It was 10th single lucky for the dance-punk pioneers; as Firestarter gave them their first number one; back in 1996.',0                 , null        , 98),
(98 ,8    ,14      ,14   ,14          ,3          ,'It was 10th single lucky for the dance-punk pioneers; as Firestarter gave them their first number one; back in 1996.',0                 , null        , 98),
(99 ,8    ,15      ,15   ,15          ,3          ,'It was 10th single lucky for the dance-punk pioneers; as Firestarter gave them their first number one; back in 1996.',0                 , null        , 98),
(100,8    ,16      ,16   ,16          ,3          ,'It was 10th single lucky for the dance-punk pioneers; as Firestarter gave them their first number one; back in 1996.',0                 , 'HEATSEEKER', 98),
(101,8    ,17      ,17   ,17          ,3          ,'It was 10th single lucky for the dance-punk pioneers; as Firestarter gave them their first number one; back in 1996.',0                 , 'HEATSEEKER', 98),
(102,8    ,18      ,18   ,18          ,3          ,'It was 10th single lucky for the dance-punk pioneers; as Firestarter gave them their first number one; back in 1996.',0                 , 'HEATSEEKER', 98),
(103,8    ,19      ,19   ,19          ,3          ,'It was 10th single lucky for the dance-punk pioneers; as Firestarter gave them their first number one; back in 1996.',0                 , 'HEATSEEKER', 98),
(104,8    ,20      ,20   ,20          ,3          ,'It was 10th single lucky for the dance-punk pioneers; as Firestarter gave them their first number one; back in 1996.',0                 , 'HEATSEEKER', 98),
(105,8    ,21      ,21   ,21          ,3          ,'It was 10th single lucky for the dance-punk pioneers; as Firestarter gave them their first number one; back in 1996.',0                 , 'HEATSEEKER', 98);