insert into tb_appVersions ( description, name) values( 'Development Environment', 'CBEMA'), ('Commercial Beta', 'CNBETA');
INSERT INTO `tb_communities` (`i`, `name`, `appVersion`, `communityTypeID`, `displayName`, `assetName`, `rewriteURLParameter`) VALUES (1,'RBT Development',1,1,'RBT Development','RBTDevelopment','RBTDevelopment'),(2,'CN QA Testing',1,2,'CN QA Testing','CNQATesting','CNQATesting'),(3,'CN Commercial Beta',1,3,'Charts Now','Charts Now','ChartsNow'),(4,'Metal Hammer',1,4,'Metal Hammer','Metal Hammer','MetalHammer'),(5,'Now Music',1,5,'NOW! Official Top 40 Chart App','Now Music','nowtop40'),(6,'OCC',1,6,'OCC','occ','occ'),(7,'o2',1,7,'o2','o2','o2');

INSERT INTO `tb_deviceTypes` (`i`, `name`)  VALUES (1,'NONE'),(2,'ANDROID'),(3,'J2ME'),(4,'BLACKBERRY'),(5,'IOS'),(6,'SYMBIAN');

insert into tb_country (i, name, fullName) values (1,'GB','Great Britain');
insert into tb_country (i, name, fullName) values(2, 'UA', 'Ukraine');
insert into tb_appVersionCountry (appVersion_id, country_id) values(1, 2), (2, 1);

INSERT INTO `tb_genres` (`i`, `name`) VALUES (1,'Default');

insert into tb_fileTypes (i,name) values (1,'Header'),(2,'Audio'),(3,'Image');

insert into tb_labels (i,name) values (9,'INTERSCOPE');

insert into tb_charts (i, name, numTracks, community, genre, timestamp, numBonusTracks) values (1,'Default Chart',20,1,1,1307035342,0);
insert into tb_charts (i, name, numTracks, community, genre, timestamp, numBonusTracks) values (2,'Default Chart',20,2,1,1306787849,0);
insert into tb_charts (i, name, numTracks, community, genre, timestamp, numBonusTracks) values (3,'Default Chart',20,3,1,1317281215,0);
insert into tb_charts (i, name, numTracks, community, genre, timestamp, numBonusTracks) values (4,'The Heavy List',20,4,1,1317107880,0);
insert into tb_charts (i, name, numTracks, community, genre, timestamp, numBonusTracks) values (5,'Default Chart',21,5,1,1321452650,6);

insert into tb_files (i, filename, size, fileType, version) values (1894,'US-UM7-11-00061.aud',1464070,2,1);
insert into tb_files (i, filename, size, fileType, version) values (1893,'US-UM7-11-00061.hdr',162676,1,666);
insert into tb_files (i, filename, size, fileType, version) values (1891,'US-UM7-11-00061S.jpg',6125,3,3);
insert into tb_files (i, filename, size, fileType, version) values (1892,'US-UM7-11-00061L.jpg',41581,3,2);
insert into tb_files (i, filename, size, fileType, version) values (1675,'US-UM7-11-00061.jpg',0,3,4);
insert into tb_files (i, filename, size, fileType, version) values (1676,'US-UM7-11-00061.mp3',0,1,9999);

insert into tb_artist (i, name, info, realName) values (50,'Lmfao/Lauren Bennett/Goonrock','LMFAO is an American electro hop duo that formed in 2006 in Los Angeles, California, consisting of rappers and DJs.','Lmfao/Lauren Bennett/Goonrock');

insert into tb_mediaLogTypes (name) values ('DOWNLOAD');
insert into tb_mediaLogTypes (name) values ('PURCHASE');
insert into tb_mediaLogTypes (name) values ('DOWNLOAD_ORIGINAL');

insert into tb_media (i,type,isrc,title,artist,audioFile,headerFile,imageFileSmall,imageFIleLarge,genre,label,price,price_currency,imgFileResolution,purchasedFile,audioPreviewFile,headerPreviewFile,iTunesUrl, publishDate) values (49,0,'USAT21001886','Party Rock Anthem',50,1894,1893,1891,1892,1,9,1.00,'WEEK',1675,1676,1894,1893,'http://clkuk.tradedoubler.com/click?p=23708%26a=1997010%26url=http://itunes.apple.com/gb/album/party-rock-anthem-feat.-lauren/id449838429?i=449838654%26uo=4%26partnerId=2003', 1417366688);
insert into tb_media (i,type,isrc,title,artist,audioFile,headerFile,imageFileSmall,imageFIleLarge,genre,label,price,price_currency,imgFileResolution,purchasedFile,audioPreviewFile,headerPreviewFile,iTunesUrl, publishDate) values (50,0,'US-UM7-11-00061','Party Rock Anthem',50,1894,1893,1891,1892,1,9,1.00,'WEEK',1675,1676,1894,1893,'http://clkuk.tradedoubler.com/click?p=23708%26a=1997010%26url=http://itunes.apple.com/gb/album/party-rock-anthem-feat.-lauren/id449838429?i=449838654%26uo=4%26partnerId=2003', 0);
insert into tb_media (i,type,isrc,title,artist,audioFile,headerFile,imageFileSmall,imageFIleLarge,genre,label,price,price_currency,imgFileResolution,purchasedFile,audioPreviewFile,headerPreviewFile,iTunesUrl, publishDate) values (51,0,'US-UM7-11-00061','Party Rock Anthem',50,1894,1893,1891,1892,1,9,1.00,'WEEK',1675,1676,1894,1893,'http://clkuk.tradedoubler.com/click?p=23708%26a=1997010%26url=http://itunes.apple.com/gb/album/party-rock-anthem-feat.-lauren/id449838429?i=449838654%26uo=4%26partnerId=2003', 0);
insert into tb_media (i,type,isrc,title,artist,audioFile,headerFile,imageFileSmall,imageFIleLarge,genre,label,price,price_currency,imgFileResolution,purchasedFile,audioPreviewFile,headerPreviewFile,iTunesUrl, publishDate) values (52,0,'US-UM7-11-00061','Party Rock Anthem',50,1894,1893,1891,1892,1,9,1.00,'WEEK',1675,1676,1894,1893,'http://clkuk.tradedoubler.com/click?p=23708%26a=1997010%26url=http://itunes.apple.com/gb/album/party-rock-anthem-feat.-lauren/id449838429?i=449838654%26uo=4%26partnerId=2003', 0);
insert into tb_media (i,type,isrc,title,artist,audioFile,headerFile,imageFileSmall,imageFIleLarge,genre,label,price,price_currency,imgFileResolution,purchasedFile,audioPreviewFile,headerPreviewFile,iTunesUrl, publishDate) values (53,0,'US-UM7-11-00061','Party Rock Anthem',50,1894,1893,1891,1892,1,9,1.00,'WEEK',1675,1676,1894,1893,'http://clkuk.tradedoubler.com/click?p=23708%26a=1997010%26url=http://itunes.apple.com/gb/album/party-rock-anthem-feat.-lauren/id449838429?i=449838654%26uo=4%26partnerId=2003', 0);
insert into tb_media (i,type,isrc,title,artist,audioFile,headerFile,imageFileSmall,imageFIleLarge,genre,label,price,price_currency,imgFileResolution,purchasedFile,audioPreviewFile,headerPreviewFile,iTunesUrl, publishDate) values (54,0,'US-UM7-11-00061','Party Rock Anthem',50,1894,1893,1891,1892,1,9,1.00,'WEEK',1675,1676,1894,1893,'http://clkuk.tradedoubler.com/click?p=23708%26a=1997010%26url=http://itunes.apple.com/gb/album/party-rock-anthem-feat.-lauren/id449838429?i=449838654%26uo=4%26partnerId=2003', 0);
insert into tb_media (i,type,isrc,title,artist,audioFile,headerFile,imageFileSmall,imageFIleLarge,genre,label,price,price_currency,imgFileResolution,purchasedFile,audioPreviewFile,headerPreviewFile,iTunesUrl, publishDate) values (55,0,'US-UM7-11-00061','Party Rock Anthem',50,1894,1893,1891,1892,1,9,1.00,'WEEK',1675,1676,1894,1893,'http://clkuk.tradedoubler.com/click?p=23708%26a=1997010%26url=http://itunes.apple.com/gb/album/party-rock-anthem-feat.-lauren/id449838429?i=449838654%26uo=4%26partnerId=2003', 0);
insert into tb_media (i,type,isrc,title,artist,audioFile,headerFile,imageFileSmall,imageFIleLarge,genre,label,price,price_currency,imgFileResolution,purchasedFile,audioPreviewFile,headerPreviewFile,iTunesUrl, publishDate) values (56,0,'US-UM7-11-00061','Party Rock Anthem',50,1894,1893,1891,1892,1,9,1.00,'WEEK',1675,1676,1894,1893,'http://clkuk.tradedoubler.com/click?p=23708%26a=1997010%26url=http://itunes.apple.com/gb/album/party-rock-anthem-feat.-lauren/id449838429?i=449838654%26uo=4%26partnerId=2003', 0);
insert into tb_media (i,type,isrc,title,artist,audioFile,headerFile,imageFileSmall,imageFIleLarge,genre,label,price,price_currency,imgFileResolution,purchasedFile,audioPreviewFile,headerPreviewFile,iTunesUrl, publishDate) values (57,0,'US-UM7-11-00061','Party Rock Anthem',50,1894,1893,1891,1892,1,9,1.00,'WEEK',1675,1676,1894,1893,'http://clkuk.tradedoubler.com/click?p=23708%26a=1997010%26url=http://itunes.apple.com/gb/album/party-rock-anthem-feat.-lauren/id449838429?i=449838654%26uo=4%26partnerId=2003', 0);
insert into tb_media (i,type,isrc,title,artist,audioFile,headerFile,imageFileSmall,imageFIleLarge,genre,label,price,price_currency,imgFileResolution,purchasedFile,audioPreviewFile,headerPreviewFile,iTunesUrl, publishDate) values (58,0,'US-UM7-11-00061','Party Rock Anthem',50,1894,1893,1891,1892,1,9,1.00,'WEEK',1675,1676,1894,1893,'http://clkuk.tradedoubler.com/click?p=23708%26a=1997010%26url=http://itunes.apple.com/gb/album/party-rock-anthem-feat.-lauren/id449838429?i=449838654%26uo=4%26partnerId=2003', 0);
insert into tb_media (i,type,isrc,title,artist,audioFile,headerFile,imageFileSmall,imageFIleLarge,genre,label,price,price_currency,imgFileResolution,purchasedFile,audioPreviewFile,headerPreviewFile,iTunesUrl, publishDate) values (59,0,'US-UM7-11-00061','Party Rock Anthem',50,1894,1893,1891,1892,1,9,1.00,'WEEK',1675,1676,1894,1893,'http://clkuk.tradedoubler.com/click?p=23708%26a=1997010%26url=http://itunes.apple.com/gb/album/party-rock-anthem-feat.-lauren/id449838429?i=449838654%26uo=4%26partnerId=2003', 0);
insert into tb_media (i,type,isrc,title,artist,audioFile,headerFile,imageFileSmall,imageFIleLarge,genre,label,price,price_currency,imgFileResolution,purchasedFile,audioPreviewFile,headerPreviewFile,iTunesUrl, publishDate) values (60,0,'US-UM7-11-00061','Party Rock Anthem',50,1894,1893,1891,1892,1,9,1.00,'WEEK',1675,1676,1894,1893,'http://clkuk.tradedoubler.com/click?p=23708%26a=1997010%26url=http://itunes.apple.com/gb/album/party-rock-anthem-feat.-lauren/id449838429?i=449838654%26uo=4%26partnerId=2003', 0);
insert into tb_media (i,type,isrc,title,artist,audioFile,headerFile,imageFileSmall,imageFIleLarge,genre,label,price,price_currency,imgFileResolution,purchasedFile,audioPreviewFile,headerPreviewFile,iTunesUrl, publishDate) values (61,0,'US-UM7-11-00061','Party Rock Anthem',50,1894,1893,1891,1892,1,9,1.00,'WEEK',1675,1676,1894,1893,'http://clkuk.tradedoubler.com/click?p=23708%26a=1997010%26url=http://itunes.apple.com/gb/album/party-rock-anthem-feat.-lauren/id449838429?i=449838654%26uo=4%26partnerId=2003', 0);
insert into tb_media (i,type,isrc,title,artist,audioFile,headerFile,imageFileSmall,imageFIleLarge,genre,label,price,price_currency,imgFileResolution,purchasedFile,audioPreviewFile,headerPreviewFile,iTunesUrl, publishDate) values (62,0,'US-UM7-11-00061','Party Rock Anthem',50,1894,1893,1891,1892,1,9,1.00,'WEEK',1675,1676,1894,1893,'http://clkuk.tradedoubler.com/click?p=23708%26a=1997010%26url=http://itunes.apple.com/gb/album/party-rock-anthem-feat.-lauren/id449838429?i=449838654%26uo=4%26partnerId=2003', 0);
insert into tb_media (i,type,isrc,title,artist,audioFile,headerFile,imageFileSmall,imageFIleLarge,genre,label,price,price_currency,imgFileResolution,purchasedFile,audioPreviewFile,headerPreviewFile,iTunesUrl, publishDate) values (63,0,'US-UM7-11-00061','Party Rock Anthem',50,1894,1893,1891,1892,1,9,1.00,'WEEK',1675,1676,1894,1893,'http://clkuk.tradedoubler.com/click?p=23708%26a=1997010%26url=http://itunes.apple.com/gb/album/party-rock-anthem-feat.-lauren/id449838429?i=449838654%26uo=4%26partnerId=2003', 0);
insert into tb_media (i,type,isrc,title,artist,audioFile,headerFile,imageFileSmall,imageFIleLarge,genre,label,price,price_currency,imgFileResolution,purchasedFile,audioPreviewFile,headerPreviewFile,iTunesUrl, publishDate) values (64,0,'US-UM7-11-00061','Party Rock Anthem',50,1894,1893,1891,1892,1,9,1.00,'WEEK',1675,1676,1894,1893,'http://clkuk.tradedoubler.com/click?p=23708%26a=1997010%26url=http://itunes.apple.com/gb/album/party-rock-anthem-feat.-lauren/id449838429?i=449838654%26uo=4%26partnerId=2003', 0);
insert into tb_media (i,type,isrc,title,artist,audioFile,headerFile,imageFileSmall,imageFIleLarge,genre,label,price,price_currency,imgFileResolution,purchasedFile,audioPreviewFile,headerPreviewFile,iTunesUrl, publishDate) values (65,0,'US-UM7-11-00061','Party Rock Anthem',50,1894,1893,1891,1892,1,9,1.00,'WEEK',1675,1676,1894,1893,'http://clkuk.tradedoubler.com/click?p=23708%26a=1997010%26url=http://itunes.apple.com/gb/album/party-rock-anthem-feat.-lauren/id449838429?i=449838654%26uo=4%26partnerId=2003', 0);
insert into tb_media (i,type,isrc,title,artist,audioFile,headerFile,imageFileSmall,imageFIleLarge,genre,label,price,price_currency,imgFileResolution,purchasedFile,audioPreviewFile,headerPreviewFile,iTunesUrl, publishDate) values (66,0,'US-UM7-11-00061','Party Rock Anthem',50,1894,1893,1891,1892,1,9,1.00,'WEEK',1675,1676,1894,1893,'http://clkuk.tradedoubler.com/click?p=23708%26a=1997010%26url=http://itunes.apple.com/gb/album/party-rock-anthem-feat.-lauren/id449838429?i=449838654%26uo=4%26partnerId=2003', 0);
insert into tb_media (i,type,isrc,title,artist,audioFile,headerFile,imageFileSmall,imageFIleLarge,genre,label,price,price_currency,imgFileResolution,purchasedFile,audioPreviewFile,headerPreviewFile,iTunesUrl, publishDate) values (67,0,'US-UM7-11-00061','Party Rock Anthem',50,1894,1893,1891,1892,1,9,1.00,'WEEK',1675,1676,1894,1893,'http://clkuk.tradedoubler.com/click?p=23708%26a=1997010%26url=http://itunes.apple.com/gb/album/party-rock-anthem-feat.-lauren/id449838429?i=449838654%26uo=4%26partnerId=2003', 0);
insert into tb_media (i,type,isrc,title,artist,audioFile,headerFile,imageFileSmall,imageFIleLarge,genre,label,price,price_currency,imgFileResolution,purchasedFile,audioPreviewFile,headerPreviewFile,iTunesUrl, publishDate) values (68,0,'US-UM7-11-00061','Party Rock Anthem',50,1894,1893,1891,1892,1,9,1.00,'WEEK',1675,1676,1894,1893,'http://clkuk.tradedoubler.com/click?p=23708%26a=1997010%26url=http://itunes.apple.com/gb/album/party-rock-anthem-feat.-lauren/id449838429?i=449838654%26uo=4%26partnerId=2003', 0);
insert into tb_media (i,type,isrc,title,artist,audioFile,headerFile,imageFileSmall,imageFIleLarge,genre,label,price,price_currency,imgFileResolution,purchasedFile,audioPreviewFile,headerPreviewFile,iTunesUrl, publishDate) values (69,0,'US-UM7-11-00061','Party Rock Anthem',50,1894,1893,1891,1892,1,9,1.00,'WEEK',1675,1676,1894,1893,'http://clkuk.tradedoubler.com/click?p=23708%26a=1997010%26url=http://itunes.apple.com/gb/album/party-rock-anthem-feat.-lauren/id449838429?i=449838654%26uo=4%26partnerId=2003', 0);



insert into tb_chartDetail (i,chart,position,media,prevPosition,chgPosition,info, publishTimeMillis, channel, version) values(1,5,1,50,24,2,'LMFAO is an American electro hop duo that formed in 2006 in Los Angeles, California, consisting of rappers and DJs.',0, null, 5);
insert into tb_chartDetail (i,chart,position,media,prevPosition,chgPosition,info, publishTimeMillis, channel, version) values(2,5,2,51,24,2,'LMFAO is an American electro hop duo that formed in 2006 in Los Angeles, California, consisting of rappers and DJs.',0, null, 145);
insert into tb_chartDetail (i,chart,position,media,prevPosition,chgPosition,info, publishTimeMillis, channel, version) values(3,5,3,52,24,2,'LMFAO is an American electro hop duo that formed in 2006 in Los Angeles, California, consisting of rappers and DJs.',0, null, 38);
insert into tb_chartDetail (i,chart,position,media,prevPosition,chgPosition,info, publishTimeMillis, channel, version) values(4,5,4,53,24,2,'LMFAO is an American electro hop duo that formed in 2006 in Los Angeles, California, consisting of rappers and DJs.',0, null, 44);
insert into tb_chartDetail (i,chart,position,media,prevPosition,chgPosition,info, publishTimeMillis, channel, version) values(5,5,5,54,24,2,'LMFAO is an American electro hop duo that formed in 2006 in Los Angeles, California, consisting of rappers and DJs.',0, null, 1285);
insert into tb_chartDetail (i,chart,position,media,prevPosition,chgPosition,info, publishTimeMillis, channel, version) values(6,5,6,55,24,2,'LMFAO is an American electro hop duo that formed in 2006 in Los Angeles, California, consisting of rappers and DJs.',0, null, 436);
insert into tb_chartDetail (i,chart,position,media,prevPosition,chgPosition,info, publishTimeMillis, channel, version) values(7,5,7,56,24,2,'LMFAO is an American electro hop duo that formed in 2006 in Los Angeles, California, consisting of rappers and DJs.',0, null, 44);
insert into tb_chartDetail (i,chart,position,media,prevPosition,chgPosition,info, publishTimeMillis, channel, version) values(8,5,8,57,24,2,'LMFAO is an American electro hop duo that formed in 2006 in Los Angeles, California, consisting of rappers and DJs.',0, null, 2);
insert into tb_chartDetail (i,chart,position,media,prevPosition,chgPosition,info, publishTimeMillis, channel, version) values(9,5,9,58,24,2,'LMFAO is an American electro hop duo that formed in 2006 in Los Angeles, California, consisting of rappers and DJs.',0, null, 1);
insert into tb_chartDetail (i,chart,position,media,prevPosition,chgPosition,info, publishTimeMillis, channel, version) values(10,5,10,59,24,2,'LMFAO is an American electro hop duo that formed in 2006 in Los Angeles, California, consisting of rappers and DJs.',0, null, 33);
insert into tb_chartDetail (i,chart,position,media,prevPosition,chgPosition,info, publishTimeMillis, channel, version) values(11,5,11,60,24,2,'LMFAO is an American electro hop duo that formed in 2006 in Los Angeles, California, consisting of rappers and DJs.',0, null, 8888);
insert into tb_chartDetail (i,chart,position,media,prevPosition,chgPosition,info, publishTimeMillis, channel, version) values(12,5,12,61,24,2,'LMFAO is an American electro hop duo that formed in 2006 in Los Angeles, California, consisting of rappers and DJs.',0, null, 555);
insert into tb_chartDetail (i,chart,position,media,prevPosition,chgPosition,info, publishTimeMillis, channel, version) values(13,5,13,62,24,2,'LMFAO is an American electro hop duo that formed in 2006 in Los Angeles, California, consisting of rappers and DJs.',0, null, 2);
insert into tb_chartDetail (i,chart,position,media,prevPosition,chgPosition,info, publishTimeMillis, channel, version) values(14,5,14,63,24,2,'LMFAO is an American electro hop duo that formed in 2006 in Los Angeles, California, consisting of rappers and DJs.',0, null, 1);
insert into tb_chartDetail (i,chart,position,media,prevPosition,chgPosition,info, publishTimeMillis, channel, version) values(15,5,15,64,24,2,'LMFAO is an American electro hop duo that formed in 2006 in Los Angeles, California, consisting of rappers and DJs.',0, null, 6);
insert into tb_chartDetail (i,chart,position,media,prevPosition,chgPosition,info, publishTimeMillis, channel, version) values(16,5,16,65,24,2,'LMFAO is an American electro hop duo that formed in 2006 in Los Angeles, California, consisting of rappers and DJs.',0, 'HEATSEEKER', 925);
insert into tb_chartDetail (i,chart,position,media,prevPosition,chgPosition,info, publishTimeMillis, channel, version) values(17,5,17,66,24,2,'LMFAO is an American electro hop duo that formed in 2006 in Los Angeles, California, consisting of rappers and DJs.',0, 'HEATSEEKER', 3);
insert into tb_chartDetail (i,chart,position,media,prevPosition,chgPosition,info, publishTimeMillis, channel, version) values(18,5,18,67,24,2,'LMFAO is an American electro hop duo that formed in 2006 in Los Angeles, California, consisting of rappers and DJs.',0, 'HEATSEEKER', 1);
insert into tb_chartDetail (i,chart,position,media,prevPosition,chgPosition,info, publishTimeMillis, channel, version) values(19,5,19,68,24,2,'LMFAO is an American electro hop duo that formed in 2006 in Los Angeles, California, consisting of rappers and DJs.',0, 'HEATSEEKER', 11);
insert into tb_chartDetail (i,chart,position,media,prevPosition,chgPosition,info, publishTimeMillis, channel, version) values(20,5,20,69,24,2,'LMFAO is an American electro hop duo that formed in 2006 in Los Angeles, California, consisting of rappers and DJs.',0, 'HEATSEEKER', 111);
insert into tb_chartDetail (i,chart,position,media,prevPosition,chgPosition,info, publishTimeMillis, channel, version) values(21,5,21,49,24,2,'LMFAO is an American electro hop duo that formed in 2006 in Los Angeles, California, consisting of rappers and DJs.',0, 'HEATSEEKER', 98);

insert into tb_chartDetail (i,chart,position,media,prevPosition,chgPosition,info, publishTimeMillis, channel, version) values(22,5,1,50,24,2,'LMFAO is an American electro hop duo that formed in 2006 in Los Angeles, California, consisting of rappers and DJs.',1343806800000, null, 5);
insert into tb_chartDetail (i,chart,position,media,prevPosition,chgPosition,info, publishTimeMillis, channel, version) values(23,5,2,51,24,2,'LMFAO is an American electro hop duo that formed in 2006 in Los Angeles, California, consisting of rappers and DJs.',1343806800000, null, 145);
insert into tb_chartDetail (i,chart,position,media,prevPosition,chgPosition,info, publishTimeMillis, channel, version) values(24,5,3,52,24,2,'LMFAO is an American electro hop duo that formed in 2006 in Los Angeles, California, consisting of rappers and DJs.',1343806800000, null, 38);
insert into tb_chartDetail (i,chart,position,media,prevPosition,chgPosition,info, publishTimeMillis, channel, version) values(25,5,4,53,24,2,'LMFAO is an American electro hop duo that formed in 2006 in Los Angeles, California, consisting of rappers and DJs.',1343806800000, null, 44);
insert into tb_chartDetail (i,chart,position,media,prevPosition,chgPosition,info, publishTimeMillis, channel, version) values(26,5,5,54,24,2,'LMFAO is an American electro hop duo that formed in 2006 in Los Angeles, California, consisting of rappers and DJs.',1343806800000, null, 1285);
insert into tb_chartDetail (i,chart,position,media,prevPosition,chgPosition,info, publishTimeMillis, channel, version) values(27,5,6,55,24,2,'LMFAO is an American electro hop duo that formed in 2006 in Los Angeles, California, consisting of rappers and DJs.',1343806800000, null, 436);
insert into tb_chartDetail (i,chart,position,media,prevPosition,chgPosition,info, publishTimeMillis, channel, version) values(28,5,7,56,24,2,'LMFAO is an American electro hop duo that formed in 2006 in Los Angeles, California, consisting of rappers and DJs.',1343806800000, null, 44);
insert into tb_chartDetail (i,chart,position,media,prevPosition,chgPosition,info, publishTimeMillis, channel, version) values(29,5,8,57,24,2,'LMFAO is an American electro hop duo that formed in 2006 in Los Angeles, California, consisting of rappers and DJs.',1343806800000, null, 2);
insert into tb_chartDetail (i,chart,position,media,prevPosition,chgPosition,info, publishTimeMillis, channel, version) values(30,5,9,58,24,2,'LMFAO is an American electro hop duo that formed in 2006 in Los Angeles, California, consisting of rappers and DJs.',1343806800000, null, 1);
insert into tb_chartDetail (i,chart,position,media,prevPosition,chgPosition,info, publishTimeMillis, channel, version) values(31,5,10,59,24,2,'LMFAO is an American electro hop duo that formed in 2006 in Los Angeles, California, consisting of rappers and DJs.',1343806800000, null, 33);
insert into tb_chartDetail (i,chart,position,media,prevPosition,chgPosition,info, publishTimeMillis, channel, version) values(32,5,11,60,24,2,'LMFAO is an American electro hop duo that formed in 2006 in Los Angeles, California, consisting of rappers and DJs.',1343806800000, null, 8888);
insert into tb_chartDetail (i,chart,position,media,prevPosition,chgPosition,info, publishTimeMillis, channel, version) values(33,5,12,61,24,2,'LMFAO is an American electro hop duo that formed in 2006 in Los Angeles, California, consisting of rappers and DJs.',1343806800000, null, 555);
insert into tb_chartDetail (i,chart,position,media,prevPosition,chgPosition,info, publishTimeMillis, channel, version) values(34,5,13,62,24,2,'LMFAO is an American electro hop duo that formed in 2006 in Los Angeles, California, consisting of rappers and DJs.',1343806800000, null, 2);
insert into tb_chartDetail (i,chart,position,media,prevPosition,chgPosition,info, publishTimeMillis, channel, version) values(35,5,14,63,24,2,'LMFAO is an American electro hop duo that formed in 2006 in Los Angeles, California, consisting of rappers and DJs.',1343806800000, null, 1);
insert into tb_chartDetail (i,chart,position,media,prevPosition,chgPosition,info, publishTimeMillis, channel, version) values(36,5,15,64,24,2,'LMFAO is an American electro hop duo that formed in 2006 in Los Angeles, California, consisting of rappers and DJs.',1343806800000, null, 6);
insert into tb_chartDetail (i,chart,position,media,prevPosition,chgPosition,info, publishTimeMillis, channel, version) values(37,5,16,65,24,2,'LMFAO is an American electro hop duo that formed in 2006 in Los Angeles, California, consisting of rappers and DJs.',1343806800000, 'HEATSEEKER', 925);
insert into tb_chartDetail (i,chart,position,media,prevPosition,chgPosition,info, publishTimeMillis, channel, version) values(38,5,17,66,24,2,'LMFAO is an American electro hop duo that formed in 2006 in Los Angeles, California, consisting of rappers and DJs.',1343806800000, 'HEATSEEKER', 3);
insert into tb_chartDetail (i,chart,position,media,prevPosition,chgPosition,info, publishTimeMillis, channel, version) values(39,5,18,67,24,2,'LMFAO is an American electro hop duo that formed in 2006 in Los Angeles, California, consisting of rappers and DJs.',1343806800000, 'HEATSEEKER', 1);
insert into tb_chartDetail (i,chart,position,media,prevPosition,chgPosition,info, publishTimeMillis, channel, version) values(40,5,19,68,24,2,'LMFAO is an American electro hop duo that formed in 2006 in Los Angeles, California, consisting of rappers and DJs.',1343806800000, 'HEATSEEKER', 11);
insert into tb_chartDetail (i,chart,position,media,prevPosition,chgPosition,info, publishTimeMillis, channel, version) values(41,5,20,69,24,2,'LMFAO is an American electro hop duo that formed in 2006 in Los Angeles, California, consisting of rappers and DJs.',1343806800000, 'HEATSEEKER', 111);
insert into tb_chartDetail (i,chart,position,media,prevPosition,chgPosition,info, publishTimeMillis, channel, version) values(42,5,21,49,24,2,'LMFAO is an American electro hop duo that formed in 2006 in Los Angeles, California, consisting of rappers and DJs.',1343806800000, 'HEATSEEKER', 98);


insert into tb_news (i, name, numEntries, community, timestamp) values (1,'Default News',10,1,1317653308), (2,'Default News',10,2,1306727773), (3,'Default News',10,3,1316198553), (4,'The Heavy List',10,4,1317027781), (5,'Now Music',10,5,1317300123);

insert into tb_filter (id, filterType) values (1, 'UserStateFilter'), (2, 'UserHandsetFilter');
insert into filters (id, name) values (1, 'LAST_TRIAL_DAY'), (2, 'NOT_ACTIVE_PAYMENT_DETAILS_OR_NO_PAYMENT_DETAILS'), (3, 'FREE_TRIAL'), (4, 'PAYMENT_ERROR'), (5, 'LIMITED_AFTER_TRIAL'), (6, 'LIMITED'), (7, 'ONE_MONTH_PROMO'), (8, 'ANDROID'), (9, 'BLACKBERRY'), (10, 'IOS'), (11, 'J2ME');

insert into tb_newsDetail (i, news, position, item, body, online, userHandset, userState, messageFrequence, messageType, timestampMilis) values(1, 5,1,'Blue Ivy Carter, new daughter of Beyonce and JayZ, is already making chart history! Daddy Z features cute cries from little Princess B on his new track, Glory, making her the youngest person ever to appear in the Billboard chart!', 'Blue Ivy Carter, new daughter of Beyonce and JayZ, is already making chart history! Daddy Z features cute cries from little Princess B on his new track, Glory, making her the youngest person ever to appear in the Billboard chart!', true, null, null, null, 'NEWS', 1315686788000);
insert into tb_newsDetail (i, news, position, item, body, online, userHandset, userState, messageFrequence, messageType, timestampMilis) values(2, 5,1,'The Wanted would love to match the drama and musicality of the Take That shows on their upcoming tour. The boys start a 10 date US Tour on Jan 17th and then head back to the UK for their 1st show on February 15th at the Capital FM Arena in Nottingham.', 'The Wanted would love to match the drama and musicality of the Take That shows on their upcoming tour. The boys start a 10 date US Tour on Jan 17th and then head back to the UK for their 1st show on February 15th at the Capital FM Arena in Nottingham.', true, 'ANDROID', 'LIMITED', 'DAILY', 'POPUP',1315686788000);
insert into tb_newsDetail (i, news, position, item, body, online, userHandset, userState, messageFrequence, messageType, timestampMilis) values(3, 5,1,'The NOW! Top 40 Chart delivers all the hits, all the time, straight to your mobile! Subscribed already? Congrats! If not, please get your groove on to keep the hits coming! Click in app or via your email! No email? Check your junk folder! Go for it!', 'The NOW! Top 40 Chart delivers all the hits, all the time, straight to your mobile! Subscribed already? Congrats! If not, please get your groove on to keep the hits coming! Click in app or via your email! No email? Check your junk folder! Go for it!', true, 'BLACKBERRY', 'FREE_TRIAL', 'WEEKLY', 'NOTIFICATION',1315686788000);
insert into tb_newsDetail (i, news, position, item, body, online, userHandset, userState, messageFrequence, messageType, timestampMilis) values(4, 5,1,'Flipping back to music after producing new movie W.E., Madonna revealed that her 12th album will be called MDNA and will more than likely be released in March. The first single Gimme All Your Luvin will feature Nicki Minaj and MIA.', 'Flipping back to music after producing new movie W.E., Madonna revealed that her 12th album will be called MDNA and will more than likely be released in March. The first single Gimme All Your Luvin will feature Nicki Minaj and MIA.', true, null, null, null, 'NEWS',1315686788000);
insert into tb_newsDetail (i, news, position, item, body, online, userHandset, userState, messageFrequence, messageType, timestampMilis) values(5, 5,1,'Grammy producers are keen for Adele to open the legendary awards ceremony in February but will have to wait for an answer as the singer is still recovering from throat surgery. The Someone Like You singer has been nominated for six awards.', 'Grammy producers are keen for Adele to open the legendary awards ceremony in February but will have to wait for an answer as the singer is still recovering from throat surgery. The Someone Like You singer has been nominated for six awards.', true, 'IOS', 'PAYMENT_ERROR', 'ONCE', 'POPUP',1315686788000);
insert into tb_newsDetail (i, news, position, item, body, online, userHandset, userState, messageFrequence, messageType, timestampMilis) values(6, 5,1,'MasterCard and the Brits have launched an amazing competition in which fans can duet with either JLS, Emeli Sande or Labrinth. The winner will get VIP tickets to the awards show itself AND appear in an advert with their favourite popstar!', 'MasterCard and the Brits have launched an amazing competition in which fans can duet with either JLS, Emeli Sande or Labrinth. The winner will get VIP tickets to the awards show itself AND appear in an advert with their favourite popstar!', false, 'ANDROID', 'ONE_MONTH_PROMO', 'DAILY', 'NOTIFICATION',1315686788000);
insert into tb_newsDetail (i, news, position, item, body, online, userHandset, userState, messageFrequence, messageType, timestampMilis) values(7, 5,1,'Cher Lloyd is engaged! According to reports, the Swagger Jagger hitmaker and her boyfriend, hairdresser Craig Monk, actually got engaged last month but have been trying to keep it a secret. Best of luck to the happy couple!', 'Cher Lloyd is engaged! According to reports, the Swagger Jagger hitmaker and her boyfriend, hairdresser Craig Monk, actually got engaged last month but have been trying to keep it a secret. Best of luck to the happy couple!', true, null, null, null, 'NEWS', 1315686788000);
insert into tb_newsDetail (i, news, position, item, body, online, userHandset, userState, messageFrequence, messageType, timestampMilis) values(8, 5,1,'Lady Gaga has apparently taken up darts! The Born This Way singer recently accompanied her Vampire Diaries actor boyfriend, Taylor Kinney, to a pub game and apparently she is hooked! Taylor partnered Gaga as her love interest in her video You and I.', 'Lady Gaga has apparently taken up darts! The Born This Way singer recently accompanied her Vampire Diaries actor boyfriend, Taylor Kinney, to a pub game and apparently she is hooked! Taylor partnered Gaga as her love interest in her video You and I.', true, 'J2ME', 'NOT_ACTIVE_PAYMENT_DETAILS_OR_NO_PAYMENT_DETAILS', 'ONCE', 'POPUP',1315686788000);
insert into tb_newsDetail (i, news, position, item, body, online, userHandset, userState, messageFrequence, messageType, timestampMilis) values(9, 5,1,'With Little Mix winning X Factor, an original Sugababes reunion and a rumoured new 10th anniversary Girls Aloud album, 2012 looks like the year of the girl band! Wonder what the Spice Girls are up to?', 'With Little Mix winning X Factor, an original Sugababes reunion and a rumoured new 10th anniversary Girls Aloud album, 2012 looks like the year of the girl band! Wonder what the Spice Girls are up to?', true, 'ANDROID', 'FREE_TRIAL', 'DAILY', 'NOTIFICATION',1315686788000);
insert into tb_newsDetail (i, news, position, item, body, online, userHandset, userState, messageFrequence, messageType, timestampMilis) values(10, 5,1,'The BRIT Awards 2012 will be held on Tuesday 21 February at The O2 Arena and broadcast live on ITV1. James Corden will host again this year and nominees have been announced. www.brits.co.uk', 'The BRIT Awards 2012 will be held on Tuesday 21 February at The O2 Arena and broadcast live on ITV1. James Corden will host again this year and nominees have been announced. www.brits.co.uk', true, null, null, null, 'NEWS',1315686788000);

insert into messages (id, activated, body, community_id, frequence, messageType, position, publishTimeMillis, title) values (1, true, 'Blue Ivy Carter, new daughter of Beyonce and JayZ, is already making chart history! Daddy Z features cute cries from little Princess B on his new track, Glory, making her the youngest person ever to appear in the Billboard chart!', 5, null, 'NEWS',1, 1315686788000, 'Blue Ivy Carter, new daughter of Beyonce and JayZ, is already making chart history! Daddy Z features cute cries from little Princess B on his new track, Glory, making her the youngest person ever to appear in the Billboard chart!');
insert into messages (id, activated, body, community_id, frequence, messageType, position, publishTimeMillis, title) values (2, true, 'The Wanted would love to match the drama and musicality of the Take That shows on their upcoming tour. The boys start a 10 date US Tour on Jan 17th and then head back to the UK for their 1st show on February 15th at the Capital FM Arena in Nottingham.', 5, 'DAILY', 'POPUP',2, 1315686788000, 'The Wanted would love to match the drama and musicality of the Take That shows on their upcoming tour. The boys start a 10 date US Tour on Jan 17th and then head back to the UK for their 1st show on February 15th at the Capital FM Arena in Nottingham.');
insert into messages (id, activated, body, community_id, frequence, messageType, position, publishTimeMillis, title) values (3, true, 'The NOW! Top 40 Chart delivers all the hits, all the time, straight to your mobile! Subscribed already? Congrats! If not, please get your groove on to keep the hits coming! Click in app or via your email! No email? Check your junk folder! Go for it!', 5, 'WEEKLY', 'NOTIFICATION',3, 1315686788000, 'The NOW! Top 40 Chart delivers all the hits, all the time, straight to your mobile! Subscribed already? Congrats! If not, please get your groove on to keep the hits coming! Click in app or via your email! No email? Check your junk folder! Go for it!');
insert into messages (id, activated, body, community_id, frequence, messageType, position, publishTimeMillis, title) values (4, true, 'Flipping back to music after producing new movie W.E., Madonna revealed that her 12th album will be called MDNA and will more than likely be released in March. The first single Gimme All Your Luvin will feature Nicki Minaj and MIA.', 5, null, 'NEWS',4, 1315686788000, 'Flipping back to music after producing new movie W.E., Madonna revealed that her 12th album will be called MDNA and will more than likely be released in March. The first single Gimme All Your Luvin will feature Nicki Minaj and MIA.');
insert into messages (id, activated, body, community_id, frequence, messageType, position, publishTimeMillis, title) values (5, true, 'Grammy producers are keen for Adele to open the legendary awards ceremony in February but will have to wait for an answer as the singer is still recovering from throat surgery. The Someone Like You singer has been nominated for six awards.', 5, 'ONCE', 'POPUP',5, 1315686788000, 'Blue Ivy Carter, new daughter of Beyonce and JayZ, is already making chart history! Daddy Z features cute cries from little Princess B on his new track, Glory, making her the youngest person ever to appear in the Billboard chart!');
insert into messages (id, activated, body, community_id, frequence, messageType, position, publishTimeMillis, title) values (6, false, 'MasterCard and the Brits have launched an amazing competition in which fans can duet with either JLS, Emeli Sande or Labrinth. The winner will get VIP tickets to the awards show itself AND appear in an advert with their favourite popstar!', 5,'DAILY', 'NOTIFICATION',6, 1315686788000, 'MasterCard and the Brits have launched an amazing competition in which fans can duet with either JLS, Emeli Sande or Labrinth. The winner will get VIP tickets to the awards show itself AND appear in an advert with their favourite popstar!');
insert into messages (id, activated, body, community_id, frequence, messageType, position, publishTimeMillis, title) values (7, true, 'Cher Lloyd is engaged! According to reports, the Swagger Jagger hitmaker and her boyfriend, hairdresser Craig Monk, actually got engaged last month but have been trying to keep it a secret. Best of luck to the happy couple!', 5, null, 'NEWS',7, 1315686788000, 'Cher Lloyd is engaged! According to reports, the Swagger Jagger hitmaker and her boyfriend, hairdresser Craig Monk, actually got engaged last month but have been trying to keep it a secret. Best of luck to the happy couple!');
insert into messages (id, activated, body, community_id, frequence, messageType, position, publishTimeMillis, title) values (8, true, 'Lady Gaga has apparently taken up darts! The Born This Way singer recently accompanied her Vampire Diaries actor boyfriend, Taylor Kinney, to a pub game and apparently she is hooked! Taylor partnered Gaga as her love interest in her video You and I.', 5, null, 'POPUP',8, 1315686788000, 'Lady Gaga has apparently taken up darts! The Born This Way singer recently accompanied her Vampire Diaries actor boyfriend, Taylor Kinney, to a pub game and apparently she is hooked! Taylor partnered Gaga as her love interest in her video You and I.');
insert into messages (id, activated, body, community_id, frequence, messageType, position, publishTimeMillis, title) values (9, true, 'With Little Mix winning X Factor, an original Sugababes reunion and a rumoured new 10th anniversary Girls Aloud album, 2012 looks like the year of the girl band! Wonder what the Spice Girls are up to?', 5, 'DAILY', 'NOTIFICATION',9, 1315686788000, 'With Little Mix winning X Factor, an original Sugababes reunion and a rumoured new 10th anniversary Girls Aloud album, 2012 looks like the year of the girl band! Wonder what the Spice Girls are up to?');
insert into messages (id, activated, body, community_id, frequence, messageType, position, publishTimeMillis, title) values (10, true,'The BRIT Awards 2012 will be held on Tuesday 21 February at The O2 Arena and broadcast live on ITV1. James Corden will host again this year and nominees have been announced. www.brits.co.uk', 5, null, 'NEWS',10, 1315686788000, 'The BRIT Awards 2012 will be held on Tuesday 21 February at The O2 Arena and broadcast live on ITV1. James Corden will host again this year and nominees have been announced. www.brits.co.uk');

insert into messages (id, activated, body                                                                                                                                                                                                                                                         , community_id, frequence, messageType, position, publishTimeMillis, title) values (81 , true     , 'Blue Ivy Carter, new daughter of Beyonce and JayZ, is already making chart history! Daddy Z features cute cries from little Princess B on his new track, Glory, making her the youngest person ever to appear in the Billboard chart!'                      , 5           , null     , 'AD'       ,1        , 0                , 'http://www.ukr.net')                                                                                                                                                                                                                                       , (82 , true     , 'The Wanted would love to match the drama and musicality of the Take That shows on their upcoming tour. The boys start a 10 date US Tour on Jan 17th and then head back to the UK for their 1st show on February 15th at the Capital FM Arena in Nottingham.', 5           , null     , 'AD'       ,2        , 0                , 'http://google.com.ua')                                                                                                                                                                                                                                     , (83 , true     , 'The NOW! Top 40 Chart delivers all the hits, all the time, straight to your mobile! Subscribed already? Congrats! If not, please get your groove on to keep the hits coming! Click in app or via your email! No email? Check your junk folder! Go for it!'  , 5           , null     , 'AD'       ,3        , 0                , '1XLS70CD'), (84 , true     , 'Flipping back to music after producing new movie W.E., Madonna revealed that her 12th album will be called MDNA and will more than likely be released in March. The first single Gimme All Your Luvin will feature Nicki Minaj and MIA.'                    , 5           , null     , 'AD'       ,4        , 0                , '2XLS70CD')                  , (85 , true     , 'Grammy producers are keen for Adele to open the legendary awards ceremony in February but will have to wait for an answer as the singer is still recovering from throat surgery. The Someone Like You singer has been nominated for six awards.'            , 5           , null     , 'AD'       ,5        , 0                , '3XLS70CD')                    , (86 , false    , 'MasterCard and the Brits have launched an amazing competition in which fans can duet with either JLS, Emeli Sande or Labrinth. The winner will get VIP tickets to the awards show itself AND appear in an advert with their favourite popstar!'             , 5           , null     , 'AD'       ,6        , 0                , 'http://www.i.ua/')           , (87 , true     , 'Cher Lloyd is engaged! According to reports, the Swagger Jagger hitmaker and her boyfriend, hairdresser Craig Monk, actually got engaged last month but have been trying to keep it a secret. Best of luck to the happy couple!'                            , 5           , null     , 'AD'       ,7        , 0                , '4XLS70CD')                          , (88 , false    , 'Lady Gaga has apparently taken up darts! The Born This Way singer recently accompanied her Vampire Diaries actor boyfriend, Taylor Kinney, to a pub game and apparently she is hooked! Taylor partnered Gaga as her love interest in her video You and I.'  , 5           , null     , 'AD'       ,8        , 0                , '5XLS70CD'), (89 , true     , 'With Little Mix winning X Factor, an original Sugababes reunion and a rumoured new 10th anniversary Girls Aloud album, 2012 looks like the year of the girl band! Wonder what the Spice Girls are up to?'                                                   , 5           , null     , 'AD'       ,9        , 0                , 'https://musicqubed.com/')                                                 , (90 , true     , 'The BRIT Awards 2012 will be held on Tuesday 21 February at The O2 Arena and broadcast live on ITV1. James Corden will host again this year and nominees have been announced. www.brits.co.uk'                                                              , 5           , null     , 'AD'       ,10       , 0                , '6XLS70CD');

insert into tb_filter_tb_newsDetail (filters_id, newDetails_i) values (1,2);
insert into tb_filter_tb_newsDetail (filters_id, newDetails_i) values (1,3);

insert into tb_filter_tb_newsDetail (filters_id, newDetails_i) values (1,5);
insert into tb_filter_tb_newsDetail (filters_id, newDetails_i) values (1,6);

insert into tb_filter_tb_newsDetail (filters_id, newDetails_i) values (1,8);
insert into tb_filter_tb_newsDetail (filters_id, newDetails_i) values (1,9);

insert into tb_filter_tb_newsDetail (filters_id, newDetails_i) values (2,2);
insert into tb_filter_tb_newsDetail (filters_id, newDetails_i) values (2,3);

insert into tb_filter_tb_newsDetail (filters_id, newDetails_i) values (2,5);
insert into tb_filter_tb_newsDetail (filters_id, newDetails_i) values (2,6);

insert into tb_filter_tb_newsDetail (filters_id, newDetails_i) values (2,8);
insert into tb_filter_tb_newsDetail (filters_id, newDetails_i) values (2,9);

insert into messages_filters (filterWithCtiteria_id, messages_id) values (6,2);
insert into messages_filters (filterWithCtiteria_id, messages_id) values (3,3);

insert into messages_filters (filterWithCtiteria_id, messages_id) values (4,5);
insert into messages_filters (filterWithCtiteria_id, messages_id) values (7,6);

insert into messages_filters (filterWithCtiteria_id, messages_id) values (2,8);
insert into messages_filters (filterWithCtiteria_id, messages_id) values (3,9);

insert into messages_filters (filterWithCtiteria_id, messages_id) values (8,2);
insert into messages_filters (filterWithCtiteria_id, messages_id) values (9,3);

insert into messages_filters (filterWithCtiteria_id, messages_id) values (10,5);
insert into messages_filters (filterWithCtiteria_id, messages_id) values (8,6);

insert into messages_filters (filterWithCtiteria_id, messages_id) values (11,8);
insert into messages_filters (filterWithCtiteria_id, messages_id) values (8,9);

insert into messages_filters (filterWithCtiteria_id, messages_id) values (1                                     , 81         ), (2                                     , 82         ), (8                                     , 82         ), (3                                     , 83         ), (9                                     , 83         ), (4                                     , 84         ), (5                                     , 85         ), (10                                    , 85         ), (6                                     , 87         ), (7                                     , 88         ), (11                                    , 89         ), (8                                     , 90         );

insert into `tb_drmTypes` (i, name) values (1,'PLAYS'),(2,'TIME'),(3,'PURCHASED');

insert into `tb_drmPolicy` (i, name, drmType, drmValue, community) values (1,'Default Policy',1,100,1),(2,'Default Policy',1,100,2),(3,'Default Policy',1,100,3),(5,'Default Policy',1,100,4),(6,'Default Policy',1,100,5);

insert into tb_userGroups (i, name, community, chart, news, drmPolicy) values (1,'Default Group',1,1,1,1),(2,'Default Group',2,2,2,2),(3,'Default Group',3,3,3,3),(4,'Default Group',4,4,4,5),(5,'Default Group',5,5,5,3),(6,'Default Group',6,5,5,3),(7,'O2 Group',7,5,5,3);

INSERT INTO `tb_operators` (`i`,`name`, `migName`) VALUES (1,'Orange UK','MIG01OU'),(2,'Vodafone UK','MIG00VU'),(3,'O2 UK','MIG01XU'),(4,'T-Mobile UK','MIG01TU'),(5,'Three UK','MIG01HU'),(6,'ASDA Mobile','Not Specified'),(7,'BT','Not Specified'),(8,'Giffgaff','Not Specified'),(9,'IDT Mobile','Not Specified'),(10,'Talkmobile','Not Specified'),(11,'TalkTalk','Not Specified'),(12,'Tesco Mobile','Not Specified'),(13,'Truphone','Not Specified'),(14,'Virgin Mobile','Not Specified');

insert into tb_paymentStatus (id,name) values(1,'NULL');
insert into tb_paymentStatus (id,name) values(2,'OK');
insert into tb_paymentStatus (id,name) values(3,'AWAITING_PSMS');
insert into tb_paymentStatus (id,name) values(4,'PSMS_ERROR');
insert into tb_paymentStatus (id,name) values(5,'PIN_PENDING');
insert into tb_paymentStatus (id,name) values(6,'AWAITING_PAYMENT');
insert into tb_paymentStatus (id,name) values(7,'PAY_PAL_ERROR');
insert into tb_paymentStatus (id,name) values(8,'AWAITING_PAY_PAL');

INSERT INTO tb_promotions (i, description, numUsers, maxUsers, startDate, endDate, isActive, freeWeeks, subWeeks , userGroup, type, showPromotion, label) VALUES (1,'Test Promotion',0,1000,1306337943,1309016343,0,4,0,1,'noPromoCode',0,'label'),(2,'Metal Hammer Promotion',11,300,1312844400,1437411927,1,4,0,4,'promoCode',0,'label'),(3,'Now Music Promotion',55,300,1312844400,1356991200,1,4,0,5,'noPromoCode',0,'label'),(4,'Free Weeks Now Music Promotion',107,0,1312844400,1356991200,1,2,0,5,'promoCode',1,'label'),(5,'Free Weeks ChartsNow Promotion',35,0,1312844400,1326287900,1,2,0,3,'promoCode',0,'label'),(6,'occ',35,0,1312844400,1437411927,1,2,0,6,'promoCode',1,'label'),(7,'o2',35,0,1312844400,1437411927,1,2,0,7,'promoCode',1,'label'),(8,'o2 Promotion',55,300,1312844400,1356991200,1,4,0,7,'noPromoCode',0,'label');
INSERT INTO tb_promoCode (id, code, promotionId) VALUES (1,'promo8',4),(2,'promo8',5), (3,'promo8',6),(4,'promo8',7);
INSERT INTO `tb_paymentPolicy` (i,communityID, currencyISO, subWeeks, subCost, paymentType, operator, shortCode, availableInStore) VALUES (4,1,'GBP',4,'4.62','creditCard',null,'',true),(5,2,'GBP',4,'5.00','creditCard',null,'',true),(6,3,'GBP',5,'5.00','creditCard',null,'',true),(7,4,'GBP',4,'4.62','creditCard',null,'',true),(8,5,'GBP',5,'5','creditCard',null,'',true),(9,5,'GBP',3,'4','PSMS',2,'80988',true),(10,5,'GBP',3,'4','PSMS',4,'80988',true),(11,5,'GBP',3,'4','PSMS',14,'80988',true),(12,5,'GBP',3,'4','PSMS',1,'80988',true),(13,5,'GBP',3,'4','PSMS',5,'80988',true),(129,3,'GBP',3,'4','PSMS',5,'80988',true),(189,5,'GBP',3,'5','PAY_PAL',null,'',true),(220,4,'GBP',3,'5','PAY_PAL',null,'',true), (221,6,'GBP',3,'4','PSMS',5,'80988',true),(222,6,'GBP',3,'5','PAY_PAL',null,'',true),(223,6,'GBP',3,'5','creditCard',null,'',true);

insert into tb_userStatus(i, name) values (4,'EULA'), (10,'SUBSCRIBED'), (11,'LIMITED');

INSERT INTO `tb_paymentDetails` (`paymentType`, `i`, `creationTimestampMillis`, `descriptionError`, `disableTimestampMillis`, `lastPaymentStatus`, `madeRetries`, `VPSTxId`, `released`, `securityKey`, `txAuthNo`, `vendorTxCode`, `paymentPolicyId`, `retriesOnError`, `billingAgreementTxId`, `migPhoneNumber`, `activated`) VALUES ('migSms',1,1327064976924,NULL,0,'NONE',0,NULL,NULL,NULL,NULL,NULL,9,3,NULL,'MIG00VU.00447585927650',true);
INSERT INTO `tb_paymentDetails` (`paymentType`, `i`, `creationTimestampMillis`, `descriptionError`, `disableTimestampMillis`, `lastPaymentStatus`, `madeRetries`, `VPSTxId`, `released`, `securityKey`, `txAuthNo`, `vendorTxCode`, `paymentPolicyId`, `retriesOnError`, `billingAgreementTxId`, `migPhoneNumber`, `activated`) VALUES ('sagePayCreditCard',2,1329739124478,NULL,0,'NONE',0,'{D2C83F10-ED98-6F3E-217F-B68A725AB5EE}',true,'MWOGZRQYL3','438363','1402ea47-84a5-4df3-ac5f-357530dd75da',8,3,NULL,NULL,true);
INSERT INTO `tb_paymentDetails` (`paymentType`, `i`, `creationTimestampMillis`, `descriptionError`, `disableTimestampMillis`, `lastPaymentStatus`, `madeRetries`, `VPSTxId`, `released`, `securityKey`, `txAuthNo`, `vendorTxCode`, `paymentPolicyId`, `retriesOnError`, `billingAgreementTxId`, `migPhoneNumber`, `activated`) VALUES ('payPal',3,1329913920574,NULL,0,'NONE',0,NULL,NULL,NULL,NULL,NULL,189,3,'B-5E636475RN881415K',NULL,true); 
-- INSERT INTO `tb_users` (`i`, `displayName`, `title`, `firstName`, `lastName`, `userName`, `subBalance`, `freeBalance`, `token`, `status`, `deviceType`, `device`, `userGroup`, `userType`, `lastDeviceLogin`, `lastWebLogin`, `nextSubPayment`, `lastPaymentTx`, `Address1`, `Address2`, `City`, `Postcode`, `Country`, `mobile`, `code` , `sessionID`, `ipAddress`, `tempToken`, `deviceString`, `canContact` , `paymentType`, `operator`, `pin`, `paymentEnabled`, `paymentStatus` , `numPsmsRetries`, `age`, `gender`, `facebookId`, `lastSuccessfulPaymentTimeMillis`, `currentPaymentDetailsId`) VALUES (1,'Nigel','','','','test@test.com',0,0,'f701af8d07e5c95d3f5cf3bd9a62344d',4,2,'',5,0,0,0,1321013394,0,'','','','',1,'07585927650','35bbf6604b4c97bc10d2d5405e57d8ed','','10.20.30.104','','',0,NULL,1,'',0,0,0,NULL,NULL,NULL,1329915072178,1);

INSERT INTO `tb_users` (`i`, `displayName`, `title`, `firstName`, `lastName`, `userName`, `subBalance`, `token`, `status`, `deviceType`, `device`, `userGroup`, `userType`, `lastDeviceLogin`, `lastWebLogin`, `nextSubPayment`, `lastPaymentTx`, `Address1`, `Address2`, `City`, `Postcode`, `Country`, `mobile`, `code` , `sessionID`, `ipAddress`, `tempToken`, `deviceString`, `canContact` , `paymentType`, `operator`, `pin`, `paymentEnabled`, `paymentStatus` , `numPsmsRetries`, `facebookId`, `lastSuccessfulPaymentTimeMillis`, `currentPaymentDetailsId`, lastSuccesfullPaymentSmsSendingTimestampMillis, amountOfMoneyToUserNotification) VALUES (1,'Nigel','','','','test@test.com',0,'f701af8d07e5c95d3f5cf3bd9a62344d',4,2,'',5,0,1321013394,0,1321013394,0,'','','','',1,'07585927650','35bbf6604b4c97bc10d2d5405e57d8ed','','10.20.30.104','','',0,NULL,1,'',true,0,0,NULL,1329915072178,1, 0, 0);
insert into tb_users (userName, userGroup, facebookId, subBalance, nextSubPayment, token, status, device, deviceType, deviceString, deviceUID, lastDeviceLogin, lastWebLogin, mobile, tempToken, operator, pin, lastSuccessfulPaymentTimeMillis, amountOfMoneyToUserNotification, canContact, lastPaymentTx, lastSuccesfullPaymentSmsSendingTimestampMillis, numPsmsRetries, paymentEnabled, paymentStatus, Country) values ('+447111111111', 7, null, 0, '1988143200', 'f701af8d07e5c95d3f5cf3bd9a62344d', 10, '', 5, 'IOS', 'b88106713409e92622461a876abcd74c', 1893448800, 1893448800, '+447111111111', 'f701af8d07e5c95d3f5cf3bd9a62344d', 1, null, 1893448800000, 0, false, 0, 0, 0, false, 2, 1), ('imei_351722057812749', 7, null, 0, '1988143200', 'f701af8d07e5c95d3f5cf3bd9a62344d', 10, '', 2, 'ANDROID', 'imei_351722057812749', 1893448800, 1893448800, '+447111111111', 'f701af8d07e5c95d3f5cf3bd9a62344d', 1, null, 1893448800000, 0, false, 0, 0, 0, false, 2, 1), ('imei_351722057812748', 7, null, 0, '1988143200', 'f701af8d07e5c95d3f5cf3bd9a62344d', 10, '', 2, 'ANDROID', 'imei_351722057812748', 1893448800, 1893448800, '+447222222222', 'f701af8d07e5c95d3f5cf3bd9a62344d', 1, null, 1893448800000, 0, false, 0, 0, 0, false, 2, 1);

insert into tb_drm(user,media,drmType,drmValue,timestamp) values (1, 49, 1, 100, 1344850546);

insert into promoted_devices (deviceUID, community_id) values ('zzz@z.com', 5);

insert into offers (title, price, currency, community_id, coverFileName, description) values ('offer first', 12.6, 'pd', 6, 'NEWS_1','bla-bla'), ('offer second', 10.5, 'pd', 6, 'NEWS_2', 'bla-bla' );

insert into offer_items ( offer_id, item_id) values (1, 49);
insert into offer_items ( offer_id, item_id) values (1, 50);
insert into offer_items ( offer_id, item_id) values (2, 49);
insert into offer_items ( offer_id, item_id) values (2, 50);